Node1,Node2,Jaccard
HINDALCO,ICICIBANK,0.037037037037037035
HINDALCO,PFC,0.3333333333333333
HINDALCO,SBILIFE,0.0
HINDALCO,HINDUNILVR,0.0
HINDALCO,BAJFINANCE,0.047619047619047616
HINDALCO,ULTRACEMCO,0.28125
HINDALCO,LODHA,0.21428571428571427
HINDALCO,CHOLAFIN,0.0
HINDALCO,DLF,0.3076923076923077
HINDALCO,KOTAKBANK,0.0
HINDALCO,M&M,0.13333333333333333
HINDALCO,HDFCLIFE,0.0
HINDALCO,SHRIRAMFIN,0.2727272727272727
HINDALCO,HAVELLS,0.06666666666666667
HINDALCO,ASIANPAINT,0.0
HINDALCO,SUNPHARMA,0.0
HINDALCO,BAJAJHLDNG,0.0
HINDALCO,ADANIGREEN,0.26666666666666666
HINDALCO,NAUKRI,0.0
HINDALCO,MARUTI,0.0625
HINDALCO,ETERNAL,0.0
HINDALCO,TECHM,0.0
HINDALCO,BOSCHLTD,0.0
HINDALCO,SOLARINDS,0.07692307692307693
HINDALCO,POWERGRID,0.375
HINDALCO,INDIGO,0.125
HINDALCO,ADANIENSOL,0.21739130434782608
HINDALCO,ADANIPORTS,0.2857142857142857
HINDALCO,PIDILITIND,0.0
HINDALCO,BAJAJFINSV,0.1111111111111111
HINDALCO,BHARTIARTL,0.0
HINDALCO,NTPC,0.3333333333333333
HINDALCO,HDFCBANK,0.13333333333333333
HINDALCO,MAXHEALTH,0.0
HINDALCO,AXISBANK,0.08333333333333333
HINDALCO,TVSMOTOR,0.0
HINDALCO,DMART,0.0
HINDALCO,CGPOWER,0.0
HINDALCO,INDHOTEL,0.27586206896551724
HINDALCO,GODREJCP,0.0
HINDALCO,JSWENERGY,0.2413793103448276
HINDALCO,BPCL,0.4
HINDALCO,ICICIGI,0.0
HINDALCO,RECLTD,0.3076923076923077
HINDALCO,APOLLOHOSP,0.0
HINDALCO,DIVISLAB,0.0
HINDALCO,HAL,0.3157894736842105
HINDALCO,VBL,0.0
HINDALCO,DRREDDY,0.0
HINDALCO,JIOFIN,0.0625
HINDALCO,TRENT,0.0
HINDALCO,CIPLA,0.0
HINDALCO,RELIANCE,0.3235294117647059
HINDALCO,SHREECEM,0.07142857142857142
HINDALCO,TCS,0.0
HINDALCO,LICI,0.34375
HINDALCO,AMBUJACEM,0.3023255813953488
HINDALCO,SBIN,0.35135135135135137
HINDALCO,LTIM,0.0
HINDALCO,BANKBARODA,0.3157894736842105
HINDALCO,TORNTPHARM,0.0
HINDALCO,HINDZINC,0.07692307692307693
HINDALCO,TATACONSUM,0.0
HINDALCO,WIPRO,0.0
HINDALCO,BAJAJ-AUTO,0.0
HINDALCO,ADANIPOWER,0.2413793103448276
HINDALCO,ABB,0.2916666666666667
HINDALCO,EICHERMOT,0.0
HINDALCO,INFY,0.0
HINDALCO,LT,0.275
HINDALCO,SIEMENS,0.34375
HINDALCO,ITC,0.0
HINDALCO,HCLTECH,0.0
HINDALCO,MOTHERSON,0.42857142857142855
HINDALCO,BRITANNIA,0.0
HINDALCO,ADANIENT,0.35135135135135137
HINDALCO,NESTLEIND,0.0
HINDALCO,TITAN,0.0
HINDALCO,ZYDUSLIFE,0.0
HINDALCO,IRFC,0.29411764705882354
HINDALCO,MAZDOCK,0.10526315789473684
ICICIBANK,PFC,0.28205128205128205
ICICIBANK,SBILIFE,0.058823529411764705
ICICIBANK,HINDUNILVR,0.0
ICICIBANK,BAJFINANCE,0.3333333333333333
ICICIBANK,LODHA,0.05555555555555555
ICICIBANK,CHOLAFIN,0.17647058823529413
ICICIBANK,M&M,0.05555555555555555
ICICIBANK,HDFCLIFE,0.0
ICICIBANK,ONGC,0.3055555555555556
ICICIBANK,JINDALSTEL,0.21621621621621623
ICICIBANK,HAVELLS,0.0
ICICIBANK,ASIANPAINT,0.0
ICICIBANK,PNB,0.3
ICICIBANK,SUNPHARMA,0.0
ICICIBANK,BAJAJHLDNG,0.0
ICICIBANK,NAUKRI,0.0
ICICIBANK,MARUTI,0.0
ICICIBANK,ETERNAL,0.0
ICICIBANK,VEDL,0.1794871794871795
ICICIBANK,TECHM,0.0
ICICIBANK,BOSCHLTD,0.0
ICICIBANK,SOLARINDS,0.0
ICICIBANK,POWERGRID,0.24324324324324326
ICICIBANK,GAIL,0.2558139534883721
ICICIBANK,INDIGO,0.25
ICICIBANK,ADANIENSOL,0.30434782608695654
ICICIBANK,PIDILITIND,0.0
ICICIBANK,BHARTIARTL,0.0
ICICIBANK,BEL,0.24444444444444444
ICICIBANK,NTPC,0.3157894736842105
ICICIBANK,MAXHEALTH,0.0
ICICIBANK,TVSMOTOR,0.0
ICICIBANK,DMART,0.0
ICICIBANK,CGPOWER,0.0
ICICIBANK,INDHOTEL,0.25806451612903225
ICICIBANK,GODREJCP,0.0
ICICIBANK,JSWENERGY,0.3103448275862069
ICICIBANK,BPCL,0.29411764705882354
ICICIBANK,ICICIGI,0.0
ICICIBANK,TATASTEEL,0.2926829268292683
ICICIBANK,RECLTD,0.2926829268292683
ICICIBANK,APOLLOHOSP,0.0
ICICIBANK,DIVISLAB,0.0
ICICIBANK,COALINDIA,0.2564102564102564
ICICIBANK,HAL,0.23809523809523808
ICICIBANK,VBL,0.0
ICICIBANK,DRREDDY,0.0
ICICIBANK,JIOFIN,0.1875
ICICIBANK,TRENT,0.0
ICICIBANK,CIPLA,0.0
ICICIBANK,RELIANCE,0.38235294117647056
ICICIBANK,SHREECEM,0.0625
ICICIBANK,TCS,0.0
ICICIBANK,LICI,0.25
ICICIBANK,LTIM,0.0
ICICIBANK,TATAPOWER,0.2619047619047619
ICICIBANK,TORNTPHARM,0.0
ICICIBANK,HINDZINC,0.0
ICICIBANK,TATACONSUM,0.0
ICICIBANK,WIPRO,0.0
ICICIBANK,BAJAJ-AUTO,0.0
ICICIBANK,ADANIPOWER,0.3103448275862069
ICICIBANK,ABB,0.2692307692307692
ICICIBANK,EICHERMOT,0.0
ICICIBANK,INFY,0.0
ICICIBANK,SIEMENS,0.21621621621621623
ICICIBANK,ITC,0.0
ICICIBANK,IOC,0.2571428571428571
ICICIBANK,HCLTECH,0.0
ICICIBANK,MOTHERSON,0.1
ICICIBANK,JSWSTEEL,0.32432432432432434
ICICIBANK,BRITANNIA,0.0
ICICIBANK,NESTLEIND,0.0
ICICIBANK,TITAN,0.0
ICICIBANK,ZYDUSLIFE,0.0
ICICIBANK,GRASIM,0.2631578947368421
ICICIBANK,IRFC,0.043478260869565216
ICICIBANK,MAZDOCK,0.045454545454545456
PFC,APOLLOHOSP,0.0
PFC,DIVISLAB,0.0
PFC,SBILIFE,0.02702702702702703
PFC,HINDUNILVR,0.0
PFC,BAJFINANCE,0.2222222222222222
PFC,VBL,0.0
PFC,DRREDDY,0.0
PFC,JIOFIN,0.11428571428571428
PFC,LODHA,0.11428571428571428
PFC,CHOLAFIN,0.1111111111111111
PFC,TRENT,0.0
PFC,KOTAKBANK,0.0
PFC,M&M,0.08333333333333333
PFC,CIPLA,0.0
PFC,HDFCLIFE,0.0
PFC,SHREECEM,0.027777777777777776
PFC,TCS,0.0
PFC,HAVELLS,0.08571428571428572
PFC,LTIM,0.0
PFC,ASIANPAINT,0.0
PFC,SUNPHARMA,0.0
PFC,TORNTPHARM,0.0
PFC,BAJAJHLDNG,0.0
PFC,ADANIGREEN,0.6216216216216216
PFC,NAUKRI,0.0
PFC,MARUTI,0.02631578947368421
PFC,HINDZINC,0.02857142857142857
PFC,ETERNAL,0.0
PFC,TATACONSUM,0.0
PFC,WIPRO,0.0
PFC,BAJAJ-AUTO,0.0
PFC,TECHM,0.0
PFC,BOSCHLTD,0.0
PFC,SOLARINDS,0.02857142857142857
PFC,EICHERMOT,0.0
PFC,INDIGO,0.14285714285714285
PFC,INFY,0.0
PFC,ADANIENSOL,0.3888888888888889
PFC,PIDILITIND,0.0
PFC,ITC,0.0
PFC,BHARTIARTL,0.0
PFC,HDFCBANK,0.05405405405405406
PFC,MAXHEALTH,0.0
PFC,AXISBANK,0.2972972972972973
PFC,MOTHERSON,0.2
PFC,DMART,0.0
PFC,TVSMOTOR,0.0
PFC,HCLTECH,0.0
PFC,CGPOWER,0.0
PFC,BRITANNIA,0.0
PFC,NESTLEIND,0.0
PFC,ZYDUSLIFE,0.0
PFC,TITAN,0.0
PFC,GODREJCP,0.0
PFC,GRASIM,0.1891891891891892
PFC,IRFC,0.2571428571428571
PFC,ICICIGI,0.0
SBILIFE,HINDUNILVR,0.0
SBILIFE,BAJFINANCE,0.09090909090909091
SBILIFE,ULTRACEMCO,0.03333333333333333
SBILIFE,LODHA,0.0
SBILIFE,CHOLAFIN,0.14285714285714285
SBILIFE,CANBK,0.0
SBILIFE,DLF,0.025
SBILIFE,KOTAKBANK,0.0
SBILIFE,M&M,0.0
SBILIFE,ONGC,0.0
SBILIFE,SHRIRAMFIN,0.03225806451612903
SBILIFE,JINDALSTEL,0.0
SBILIFE,HAVELLS,0.0
SBILIFE,ASIANPAINT,0.0
SBILIFE,PNB,0.0
SBILIFE,SUNPHARMA,0.0
SBILIFE,BAJAJHLDNG,0.0
SBILIFE,ADANIGREEN,0.0
SBILIFE,NAUKRI,0.0
SBILIFE,MARUTI,0.0
SBILIFE,ETERNAL,0.0
SBILIFE,VEDL,0.0
SBILIFE,TECHM,0.0
SBILIFE,BOSCHLTD,0.0
SBILIFE,SOLARINDS,0.0
SBILIFE,POWERGRID,0.0
SBILIFE,GAIL,0.0
SBILIFE,INDIGO,0.0
SBILIFE,ADANIENSOL,0.0
SBILIFE,ADANIPORTS,0.023255813953488372
SBILIFE,PIDILITIND,0.0
SBILIFE,BHARTIARTL,0.0
SBILIFE,BEL,0.0
SBILIFE,NTPC,0.0
SBILIFE,HDFCBANK,0.0
SBILIFE,MAXHEALTH,0.0
SBILIFE,AXISBANK,0.06666666666666667
SBILIFE,TVSMOTOR,0.0
SBILIFE,DMART,0.0
SBILIFE,CGPOWER,0.0
SBILIFE,INDHOTEL,0.0
SBILIFE,GODREJCP,0.0
SBILIFE,JSWENERGY,0.0
SBILIFE,BPCL,0.0
SBILIFE,TATASTEEL,0.025
SBILIFE,RECLTD,0.025
SBILIFE,APOLLOHOSP,0.0
SBILIFE,DIVISLAB,0.0
SBILIFE,COALINDIA,0.0
SBILIFE,HAL,0.0
SBILIFE,VBL,0.0
SBILIFE,DRREDDY,0.0
SBILIFE,JIOFIN,0.0
SBILIFE,TRENT,0.0
SBILIFE,CIPLA,0.0
SBILIFE,RELIANCE,0.029411764705882353
SBILIFE,SHREECEM,0.0
SBILIFE,TCS,0.0
SBILIFE,LICI,0.0
SBILIFE,AMBUJACEM,0.0
SBILIFE,SBIN,0.02564102564102564
SBILIFE,LTIM,0.0
SBILIFE,BANKBARODA,0.0
SBILIFE,TATAPOWER,0.0
SBILIFE,TORNTPHARM,0.0
SBILIFE,HINDZINC,0.0
SBILIFE,TATACONSUM,0.0
SBILIFE,WIPRO,0.0
SBILIFE,BAJAJ-AUTO,0.0
SBILIFE,ADANIPOWER,0.0
SBILIFE,ABB,0.0
SBILIFE,EICHERMOT,0.0
SBILIFE,INFY,0.0
SBILIFE,LT,0.025
SBILIFE,SIEMENS,0.0
SBILIFE,ITC,0.0
SBILIFE,IOC,0.0
SBILIFE,HCLTECH,0.0
SBILIFE,MOTHERSON,0.0
SBILIFE,JSWSTEEL,0.027777777777777776
SBILIFE,BRITANNIA,0.0
SBILIFE,ADANIENT,0.0
SBILIFE,NESTLEIND,0.0
SBILIFE,TITAN,0.0
SBILIFE,ZYDUSLIFE,0.0
SBILIFE,GRASIM,0.09090909090909091
SBILIFE,IRFC,0.0
SBILIFE,MAZDOCK,0.0
BAJFINANCE,HINDUNILVR,0.0
BAJFINANCE,LODHA,0.08333333333333333
BAJFINANCE,CANBK,0.16279069767441862
BAJFINANCE,DLF,0.23684210526315788
BAJFINANCE,KOTAKBANK,0.0
BAJFINANCE,M&M,0.18181818181818182
BAJFINANCE,HDFCLIFE,0.0
BAJFINANCE,ONGC,0.20588235294117646
BAJFINANCE,JINDALSTEL,0.11428571428571428
BAJFINANCE,HAVELLS,0.0
BAJFINANCE,ASIANPAINT,0.0
BAJFINANCE,PNB,0.1794871794871795
BAJFINANCE,SUNPHARMA,0.0
BAJFINANCE,BAJAJHLDNG,0.0
BAJFINANCE,ADANIGREEN,0.13333333333333333
BAJFINANCE,NAUKRI,0.0
BAJFINANCE,MARUTI,0.0
BAJFINANCE,ETERNAL,0.0
BAJFINANCE,VEDL,0.1111111111111111
BAJFINANCE,TECHM,0.0
BAJFINANCE,BOSCHLTD,0.0
BAJFINANCE,SOLARINDS,0.0
BAJFINANCE,POWERGRID,0.14285714285714285
BAJFINANCE,GAIL,0.17073170731707318
BAJFINANCE,INDIGO,0.16666666666666666
BAJFINANCE,ADANIENSOL,0.14285714285714285
BAJFINANCE,PIDILITIND,0.0
BAJFINANCE,BHARTIARTL,0.0
BAJFINANCE,BEL,0.16279069767441862
BAJFINANCE,NTPC,0.1891891891891892
BAJFINANCE,HDFCBANK,0.08333333333333333
BAJFINANCE,MAXHEALTH,0.0
BAJFINANCE,AXISBANK,0.375
BAJFINANCE,TVSMOTOR,0.0
BAJFINANCE,DMART,0.0
BAJFINANCE,CGPOWER,0.0
BAJFINANCE,INDHOTEL,0.13793103448275862
BAJFINANCE,GODREJCP,0.0
BAJFINANCE,JSWENERGY,0.14285714285714285
BAJFINANCE,BPCL,0.1875
BAJFINANCE,ICICIGI,0.0
BAJFINANCE,TATASTEEL,0.20512820512820512
BAJFINANCE,RECLTD,0.23684210526315788
BAJFINANCE,APOLLOHOSP,0.0
BAJFINANCE,DIVISLAB,0.0
BAJFINANCE,COALINDIA,0.16216216216216217
BAJFINANCE,HAL,0.15
BAJFINANCE,VBL,0.0
BAJFINANCE,DRREDDY,0.0
BAJFINANCE,JIOFIN,0.18181818181818182
BAJFINANCE,TRENT,0.0
BAJFINANCE,CIPLA,0.0
BAJFINANCE,SHREECEM,0.1
BAJFINANCE,TCS,0.0
BAJFINANCE,LICI,0.08333333333333333
BAJFINANCE,SBIN,0.21052631578947367
BAJFINANCE,LTIM,0.0
BAJFINANCE,BANKBARODA,0.1794871794871795
BAJFINANCE,TATAPOWER,0.175
BAJFINANCE,TORNTPHARM,0.0
BAJFINANCE,HINDZINC,0.0
BAJFINANCE,TATACONSUM,0.0
BAJFINANCE,WIPRO,0.0
BAJFINANCE,BAJAJ-AUTO,0.0
BAJFINANCE,ADANIPOWER,0.14285714285714285
BAJFINANCE,ABB,0.17391304347826086
BAJFINANCE,EICHERMOT,0.0
BAJFINANCE,INFY,0.0
BAJFINANCE,SIEMENS,0.11428571428571428
BAJFINANCE,ITC,0.0
BAJFINANCE,IOC,0.11764705882352941
BAJFINANCE,HCLTECH,0.0
BAJFINANCE,MOTHERSON,0.06666666666666667
BAJFINANCE,BRITANNIA,0.0
BAJFINANCE,ADANIENT,0.1794871794871795
BAJFINANCE,NESTLEIND,0.0
BAJFINANCE,TITAN,0.0
BAJFINANCE,ZYDUSLIFE,0.0
BAJFINANCE,GRASIM,0.2857142857142857
BAJFINANCE,IRFC,0.058823529411764705
BAJFINANCE,MAZDOCK,0.0625
LODHA,HINDUNILVR,0.0
LODHA,ULTRACEMCO,0.14285714285714285
LODHA,CHOLAFIN,0.125
LODHA,CANBK,0.0975609756097561
LODHA,KOTAKBANK,0.0
LODHA,M&M,0.14285714285714285
LODHA,HDFCLIFE,0.0
LODHA,ONGC,0.125
LODHA,SHRIRAMFIN,0.13793103448275862
LODHA,JINDALSTEL,0.13333333333333333
LODHA,HAVELLS,0.16666666666666666
LODHA,ASIANPAINT,0.0
LODHA,PNB,0.10810810810810811
LODHA,SUNPHARMA,0.0
LODHA,BAJAJHLDNG,0.0
LODHA,ADANIGREEN,0.11538461538461539
LODHA,NAUKRI,0.0
LODHA,MARUTI,0.0
LODHA,ETERNAL,0.0
LODHA,VEDL,0.12903225806451613
LODHA,TECHM,0.0
LODHA,BOSCHLTD,0.0
LODHA,SOLARINDS,0.25
LODHA,POWERGRID,0.12903225806451613
LODHA,INDIGO,0.0
LODHA,ADANIENSOL,0.11764705882352941
LODHA,ADANIPORTS,0.0975609756097561
LODHA,PIDILITIND,0.0
LODHA,BAJAJFINSV,0.10526315789473684
LODHA,BHARTIARTL,0.0
LODHA,NTPC,0.11428571428571428
LODHA,HDFCBANK,0.14285714285714285
LODHA,MAXHEALTH,0.0
LODHA,AXISBANK,0.0
LODHA,TVSMOTOR,0.0
LODHA,DMART,0.0
LODHA,CGPOWER,0.0
LODHA,INDHOTEL,0.12
LODHA,GODREJCP,0.0
LODHA,JSWENERGY,0.125
LODHA,BPCL,0.13793103448275862
LODHA,ICICIGI,0.0
LODHA,TATASTEEL,0.10526315789473684
LODHA,RECLTD,0.10526315789473684
LODHA,APOLLOHOSP,0.0
LODHA,DIVISLAB,0.0
LODHA,COALINDIA,0.11764705882352941
LODHA,HAL,0.10810810810810811
LODHA,VBL,0.0
LODHA,DRREDDY,0.0
LODHA,JIOFIN,0.0
LODHA,TRENT,0.0
LODHA,CIPLA,0.0
LODHA,RELIANCE,0.125
LODHA,SHREECEM,0.0
LODHA,TCS,0.0
LODHA,LICI,0.0967741935483871
LODHA,AMBUJACEM,0.09302325581395349
LODHA,SBIN,0.10810810810810811
LODHA,LTIM,0.0
LODHA,BANKBARODA,0.10810810810810811
LODHA,TATAPOWER,0.10526315789473684
LODHA,TORNTPHARM,0.0
LODHA,HINDZINC,0.0
LODHA,TATACONSUM,0.0
LODHA,WIPRO,0.0
LODHA,BAJAJ-AUTO,0.0
LODHA,ADANIPOWER,0.125
LODHA,ABB,0.2222222222222222
LODHA,EICHERMOT,0.0
LODHA,INFY,0.0
LODHA,LT,0.10526315789473684
LODHA,SIEMENS,0.0967741935483871
LODHA,ITC,0.0
LODHA,IOC,0.1
LODHA,HCLTECH,0.0
LODHA,MOTHERSON,0.0
LODHA,BRITANNIA,0.0
LODHA,ADANIENT,0.10810810810810811
LODHA,NESTLEIND,0.0
LODHA,TITAN,0.0
LODHA,ZYDUSLIFE,0.0
LODHA,GRASIM,0.08333333333333333
LODHA,IRFC,0.18181818181818182
LODHA,MAZDOCK,0.2
CHOLAFIN,HINDUNILVR,0.0
CHOLAFIN,ULTRACEMCO,0.17857142857142858
CHOLAFIN,CANBK,0.06976744186046512
CHOLAFIN,KOTAKBANK,0.0
CHOLAFIN,M&M,0.0
CHOLAFIN,HDFCLIFE,0.0
CHOLAFIN,ONGC,0.08823529411764706
CHOLAFIN,JINDALSTEL,0.06060606060606061
CHOLAFIN,HAVELLS,0.0
CHOLAFIN,ASIANPAINT,0.0
CHOLAFIN,PNB,0.07692307692307693
CHOLAFIN,SUNPHARMA,0.0
CHOLAFIN,BAJAJHLDNG,0.0
CHOLAFIN,ADANIGREEN,0.07142857142857142
CHOLAFIN,NAUKRI,0.0
CHOLAFIN,MARUTI,0.0
CHOLAFIN,ETERNAL,0.0
CHOLAFIN,VEDL,0.058823529411764705
CHOLAFIN,TECHM,0.0
CHOLAFIN,BOSCHLTD,0.0
CHOLAFIN,SOLARINDS,0.0
CHOLAFIN,POWERGRID,0.058823529411764705
CHOLAFIN,GAIL,0.07317073170731707
CHOLAFIN,INDIGO,0.0
CHOLAFIN,ADANIENSOL,0.0
CHOLAFIN,ADANIPORTS,0.12195121951219512
CHOLAFIN,PIDILITIND,0.0
CHOLAFIN,BHARTIARTL,0.0
CHOLAFIN,BEL,0.06976744186046512
CHOLAFIN,NTPC,0.08108108108108109
CHOLAFIN,HDFCBANK,0.0
CHOLAFIN,MAXHEALTH,0.0
CHOLAFIN,AXISBANK,0.125
CHOLAFIN,TVSMOTOR,0.0
CHOLAFIN,DMART,0.0
CHOLAFIN,CGPOWER,0.0
CHOLAFIN,INDHOTEL,0.11538461538461539
CHOLAFIN,GODREJCP,0.0
CHOLAFIN,JSWENERGY,0.12
CHOLAFIN,BPCL,0.0625
CHOLAFIN,ICICIGI,0.0
CHOLAFIN,TATASTEEL,0.10256410256410256
CHOLAFIN,APOLLOHOSP,0.0
CHOLAFIN,DIVISLAB,0.0
CHOLAFIN,COALINDIA,0.08333333333333333
CHOLAFIN,HAL,0.07692307692307693
CHOLAFIN,VBL,0.0
CHOLAFIN,DRREDDY,0.0
CHOLAFIN,JIOFIN,0.0
CHOLAFIN,TRENT,0.0
CHOLAFIN,CIPLA,0.0
CHOLAFIN,RELIANCE,0.15625
CHOLAFIN,SHREECEM,0.0
CHOLAFIN,TCS,0.0
CHOLAFIN,LICI,0.06060606060606061
CHOLAFIN,AMBUJACEM,0.09090909090909091
CHOLAFIN,SBIN,0.10526315789473684
CHOLAFIN,LTIM,0.0
CHOLAFIN,BANKBARODA,0.07692307692307693
CHOLAFIN,TATAPOWER,0.075
CHOLAFIN,TORNTPHARM,0.0
CHOLAFIN,HINDZINC,0.0
CHOLAFIN,TATACONSUM,0.0
CHOLAFIN,WIPRO,0.0
CHOLAFIN,BAJAJ-AUTO,0.0
CHOLAFIN,ADANIPOWER,0.07692307692307693
CHOLAFIN,ABB,0.09523809523809523
CHOLAFIN,EICHERMOT,0.0
CHOLAFIN,INFY,0.0
CHOLAFIN,LT,0.13157894736842105
CHOLAFIN,SIEMENS,0.06060606060606061
CHOLAFIN,ITC,0.0
CHOLAFIN,IOC,0.0625
CHOLAFIN,HCLTECH,0.0
CHOLAFIN,MOTHERSON,0.0
CHOLAFIN,JSWSTEEL,0.14705882352941177
CHOLAFIN,BRITANNIA,0.0
CHOLAFIN,ADANIENT,0.07692307692307693
CHOLAFIN,NESTLEIND,0.0
CHOLAFIN,TITAN,0.0
CHOLAFIN,ZYDUSLIFE,0.0
CHOLAFIN,GRASIM,0.07692307692307693
CHOLAFIN,IRFC,0.07692307692307693
CHOLAFIN,MAZDOCK,0.08333333333333333
CANBK,APOLLOHOSP,0.0
CANBK,DIVISLAB,0.0
CANBK,HINDUNILVR,0.0
CANBK,VBL,0.0
CANBK,DRREDDY,0.0
CANBK,TRENT,0.0
CANBK,CIPLA,0.0
CANBK,KOTAKBANK,0.024390243902439025
CANBK,M&M,0.07142857142857142
CANBK,SHREECEM,0.023809523809523808
CANBK,HDFCLIFE,0.0
CANBK,TCS,0.0
CANBK,HAVELLS,0.07317073170731707
CANBK,LTIM,0.0
CANBK,ASIANPAINT,0.0
CANBK,SUNPHARMA,0.0
CANBK,TORNTPHARM,0.0
CANBK,BAJAJHLDNG,0.0
CANBK,HINDZINC,0.024390243902439025
CANBK,NAUKRI,0.0
CANBK,MARUTI,0.022727272727272728
CANBK,ETERNAL,0.0
CANBK,TATACONSUM,0.0
CANBK,WIPRO,0.0
CANBK,BAJAJ-AUTO,0.0
CANBK,TECHM,0.0
CANBK,BOSCHLTD,0.0
CANBK,SOLARINDS,0.024390243902439025
CANBK,EICHERMOT,0.0
CANBK,INFY,0.0
CANBK,PIDILITIND,0.0
CANBK,ITC,0.0
CANBK,BAJAJFINSV,0.28888888888888886
CANBK,BHARTIARTL,0.0
CANBK,HDFCBANK,0.0975609756097561
CANBK,MAXHEALTH,0.0
CANBK,TVSMOTOR,0.0
CANBK,HCLTECH,0.0
CANBK,DMART,0.0
CANBK,CGPOWER,0.0
CANBK,BRITANNIA,0.0
CANBK,NESTLEIND,0.0
CANBK,ZYDUSLIFE,0.0
CANBK,TITAN,0.0
CANBK,GODREJCP,0.0
CANBK,GRASIM,0.16279069767441862
CANBK,IRFC,0.21951219512195122
CANBK,MAZDOCK,0.1951219512195122
CANBK,ICICIGI,0.0
DLF,APOLLOHOSP,0.0
DLF,DIVISLAB,0.0
DLF,HINDUNILVR,0.0
DLF,VBL,0.0
DLF,DRREDDY,0.0
DLF,JIOFIN,0.10526315789473684
DLF,TRENT,0.0
DLF,CIPLA,0.0
DLF,KOTAKBANK,0.02631578947368421
DLF,M&M,0.07692307692307693
DLF,SHREECEM,0.02564102564102564
DLF,HDFCLIFE,0.0
DLF,TCS,0.0
DLF,HAVELLS,0.07894736842105263
DLF,LTIM,0.0
DLF,ASIANPAINT,0.0
DLF,SUNPHARMA,0.0
DLF,TORNTPHARM,0.0
DLF,BAJAJHLDNG,0.0
DLF,HINDZINC,0.02631578947368421
DLF,NAUKRI,0.0
DLF,MARUTI,0.024390243902439025
DLF,ETERNAL,0.0
DLF,TATACONSUM,0.0
DLF,WIPRO,0.0
DLF,BAJAJ-AUTO,0.0
DLF,TECHM,0.0
DLF,BOSCHLTD,0.0
DLF,SOLARINDS,0.02631578947368421
DLF,EICHERMOT,0.0
DLF,INDIGO,0.13157894736842105
DLF,INFY,0.0
DLF,ADANIENSOL,0.39473684210526316
DLF,PIDILITIND,0.0
DLF,ITC,0.0
DLF,BHARTIARTL,0.0
DLF,HDFCBANK,0.07692307692307693
DLF,MAXHEALTH,0.0
DLF,AXISBANK,0.3076923076923077
DLF,MOTHERSON,0.18421052631578946
DLF,DMART,0.0
DLF,TVSMOTOR,0.0
DLF,HCLTECH,0.0
DLF,CGPOWER,0.0
DLF,BRITANNIA,0.0
DLF,NESTLEIND,0.0
DLF,ZYDUSLIFE,0.0
DLF,TITAN,0.0
DLF,GODREJCP,0.0
DLF,GRASIM,0.175
DLF,IRFC,0.23684210526315788
DLF,MAZDOCK,0.21052631578947367
DLF,ICICIGI,0.0
HDFCLIFE,HINDUNILVR,0.0
HDFCLIFE,ULTRACEMCO,0.0
HDFCLIFE,KOTAKBANK,0.0
HDFCLIFE,M&M,0.0
HDFCLIFE,ONGC,0.0
HDFCLIFE,SHRIRAMFIN,0.0
HDFCLIFE,JINDALSTEL,0.0
HDFCLIFE,HAVELLS,0.0
HDFCLIFE,ASIANPAINT,0.0
HDFCLIFE,PNB,0.0
HDFCLIFE,SUNPHARMA,0.0
HDFCLIFE,BAJAJHLDNG,0.0
HDFCLIFE,ADANIGREEN,0.0
HDFCLIFE,NAUKRI,0.0
HDFCLIFE,MARUTI,0.0
HDFCLIFE,ETERNAL,0.0
HDFCLIFE,VEDL,0.0
HDFCLIFE,TECHM,0.0
HDFCLIFE,BOSCHLTD,0.0
HDFCLIFE,SOLARINDS,0.0
HDFCLIFE,POWERGRID,0.0
HDFCLIFE,GAIL,0.0
HDFCLIFE,INDIGO,0.0
HDFCLIFE,ADANIENSOL,0.0
HDFCLIFE,ADANIPORTS,0.0
HDFCLIFE,PIDILITIND,0.0
HDFCLIFE,BAJAJFINSV,0.05555555555555555
HDFCLIFE,BHARTIARTL,0.0
HDFCLIFE,BEL,0.0
HDFCLIFE,NTPC,0.0
HDFCLIFE,HDFCBANK,0.0
HDFCLIFE,MAXHEALTH,0.0
HDFCLIFE,AXISBANK,0.0
HDFCLIFE,TVSMOTOR,0.0
HDFCLIFE,DMART,0.0
HDFCLIFE,CGPOWER,0.0
HDFCLIFE,INDHOTEL,0.0
HDFCLIFE,GODREJCP,0.0
HDFCLIFE,JSWENERGY,0.0
HDFCLIFE,BPCL,0.0
HDFCLIFE,TATASTEEL,0.0
HDFCLIFE,RECLTD,0.0
HDFCLIFE,APOLLOHOSP,0.0
HDFCLIFE,DIVISLAB,0.0
HDFCLIFE,COALINDIA,0.0
HDFCLIFE,HAL,0.0
HDFCLIFE,VBL,0.0
HDFCLIFE,DRREDDY,0.0
HDFCLIFE,JIOFIN,0.0
HDFCLIFE,TRENT,0.0
HDFCLIFE,CIPLA,0.0
HDFCLIFE,RELIANCE,0.0
HDFCLIFE,SHREECEM,0.0
HDFCLIFE,TCS,0.0
HDFCLIFE,LICI,0.0
HDFCLIFE,AMBUJACEM,0.0
HDFCLIFE,SBIN,0.0
HDFCLIFE,LTIM,0.0
HDFCLIFE,BANKBARODA,0.0
HDFCLIFE,TATAPOWER,0.0
HDFCLIFE,TORNTPHARM,0.0
HDFCLIFE,HINDZINC,0.0
HDFCLIFE,TATACONSUM,0.0
HDFCLIFE,WIPRO,0.0
HDFCLIFE,BAJAJ-AUTO,0.0
HDFCLIFE,ADANIPOWER,0.0
HDFCLIFE,ABB,0.0
HDFCLIFE,EICHERMOT,0.0
HDFCLIFE,INFY,0.0
HDFCLIFE,LT,0.0
HDFCLIFE,SIEMENS,0.0
HDFCLIFE,ITC,0.0
HDFCLIFE,IOC,0.0
HDFCLIFE,HCLTECH,0.0
HDFCLIFE,MOTHERSON,0.0
HDFCLIFE,JSWSTEEL,0.0
HDFCLIFE,BRITANNIA,0.0
HDFCLIFE,ADANIENT,0.0
HDFCLIFE,NESTLEIND,0.0
HDFCLIFE,TITAN,0.0
HDFCLIFE,ZYDUSLIFE,0.0
HDFCLIFE,GRASIM,0.0
HDFCLIFE,IRFC,0.0
HDFCLIFE,MAZDOCK,0.0
ONGC,APOLLOHOSP,0.0
ONGC,DIVISLAB,0.0
ONGC,HINDUNILVR,0.0
ONGC,VBL,0.0
ONGC,DRREDDY,0.0
ONGC,JIOFIN,0.09090909090909091
ONGC,TRENT,0.0
ONGC,CIPLA,0.0
ONGC,KOTAKBANK,0.0
ONGC,M&M,0.09090909090909091
ONGC,SHREECEM,0.030303030303030304
ONGC,TCS,0.0
ONGC,HAVELLS,0.09375
ONGC,LTIM,0.0
ONGC,ASIANPAINT,0.0
ONGC,SUNPHARMA,0.0
ONGC,TORNTPHARM,0.0
ONGC,BAJAJHLDNG,0.0
ONGC,HINDZINC,0.03125
ONGC,NAUKRI,0.0
ONGC,MARUTI,0.02857142857142857
ONGC,ETERNAL,0.0
ONGC,TATACONSUM,0.0
ONGC,WIPRO,0.0
ONGC,BAJAJ-AUTO,0.0
ONGC,TECHM,0.0
ONGC,BOSCHLTD,0.0
ONGC,SOLARINDS,0.03125
ONGC,ABB,0.5151515151515151
ONGC,EICHERMOT,0.0
ONGC,INDIGO,0.15625
ONGC,INFY,0.0
ONGC,ADANIENSOL,0.46875
ONGC,PIDILITIND,0.0
ONGC,ITC,0.0
ONGC,BAJAJFINSV,0.2894736842105263
ONGC,BHARTIARTL,0.0
ONGC,HDFCBANK,0.058823529411764705
ONGC,MAXHEALTH,0.0
ONGC,AXISBANK,0.2857142857142857
ONGC,MOTHERSON,0.21875
ONGC,DMART,0.0
ONGC,TVSMOTOR,0.0
ONGC,HCLTECH,0.0
ONGC,CGPOWER,0.0
ONGC,BRITANNIA,0.0
ONGC,NESTLEIND,0.0
ONGC,ZYDUSLIFE,0.0
ONGC,INDHOTEL,0.6
ONGC,TITAN,0.0
ONGC,GODREJCP,0.0
ONGC,JSWENERGY,0.6666666666666666
ONGC,GRASIM,0.20588235294117646
ONGC,IRFC,0.28125
ONGC,MAZDOCK,0.25
ONGC,ICICIGI,0.0
SHRIRAMFIN,APOLLOHOSP,0.0
SHRIRAMFIN,DIVISLAB,0.0
SHRIRAMFIN,HINDUNILVR,0.0
SHRIRAMFIN,VBL,0.0
SHRIRAMFIN,DRREDDY,0.0
SHRIRAMFIN,JIOFIN,0.13793103448275862
SHRIRAMFIN,TRENT,0.0
SHRIRAMFIN,CIPLA,0.0
SHRIRAMFIN,KOTAKBANK,0.034482758620689655
SHRIRAMFIN,M&M,0.1
SHRIRAMFIN,SHREECEM,0.03333333333333333
SHRIRAMFIN,JINDALSTEL,0.5945945945945946
SHRIRAMFIN,TCS,0.0
SHRIRAMFIN,LICI,0.5526315789473685
SHRIRAMFIN,HAVELLS,0.06666666666666667
SHRIRAMFIN,LTIM,0.0
SHRIRAMFIN,ASIANPAINT,0.0
SHRIRAMFIN,SUNPHARMA,0.0
SHRIRAMFIN,TORNTPHARM,0.0
SHRIRAMFIN,BAJAJHLDNG,0.0
SHRIRAMFIN,ADANIGREEN,0.5428571428571428
SHRIRAMFIN,NAUKRI,0.0
SHRIRAMFIN,MARUTI,0.03125
SHRIRAMFIN,HINDZINC,0.0
SHRIRAMFIN,ETERNAL,0.0
SHRIRAMFIN,VEDL,0.5789473684210527
SHRIRAMFIN,TATACONSUM,0.0
SHRIRAMFIN,WIPRO,0.0
SHRIRAMFIN,BAJAJ-AUTO,0.0
SHRIRAMFIN,TECHM,0.0
SHRIRAMFIN,BOSCHLTD,0.0
SHRIRAMFIN,ADANIPOWER,0.5757575757575758
SHRIRAMFIN,SOLARINDS,0.034482758620689655
SHRIRAMFIN,POWERGRID,0.5789473684210527
SHRIRAMFIN,ABB,0.5161290322580645
SHRIRAMFIN,EICHERMOT,0.0
SHRIRAMFIN,INDIGO,0.1724137931034483
SHRIRAMFIN,INFY,0.0
SHRIRAMFIN,ADANIENSOL,0.375
SHRIRAMFIN,PIDILITIND,0.0
SHRIRAMFIN,SIEMENS,0.5945945945945946
SHRIRAMFIN,ITC,0.0
SHRIRAMFIN,BHARTIARTL,0.0
SHRIRAMFIN,IOC,0.5263157894736842
SHRIRAMFIN,HDFCBANK,0.13793103448275862
SHRIRAMFIN,MAXHEALTH,0.0
SHRIRAMFIN,MOTHERSON,0.2
SHRIRAMFIN,TVSMOTOR,0.0
SHRIRAMFIN,DMART,0.0
SHRIRAMFIN,HCLTECH,0.0
SHRIRAMFIN,CGPOWER,0.0
SHRIRAMFIN,BRITANNIA,0.0
SHRIRAMFIN,NESTLEIND,0.0
SHRIRAMFIN,ZYDUSLIFE,0.0
SHRIRAMFIN,TITAN,0.0
SHRIRAMFIN,GODREJCP,0.0
SHRIRAMFIN,BPCL,0.6111111111111112
SHRIRAMFIN,GRASIM,0.22580645161290322
SHRIRAMFIN,IRFC,0.22580645161290322
SHRIRAMFIN,MAZDOCK,0.1935483870967742
SHRIRAMFIN,ICICIGI,0.0
HAVELLS,HINDUNILVR,0.0
HAVELLS,ULTRACEMCO,0.03333333333333333
HAVELLS,KOTAKBANK,0.0
HAVELLS,M&M,0.0
HAVELLS,JINDALSTEL,0.1
HAVELLS,ASIANPAINT,0.0
HAVELLS,PNB,0.08108108108108109
HAVELLS,SUNPHARMA,0.0
HAVELLS,BAJAJHLDNG,0.0
HAVELLS,ADANIGREEN,0.07692307692307693
HAVELLS,NAUKRI,0.0
HAVELLS,MARUTI,0.0
HAVELLS,ETERNAL,0.0
HAVELLS,VEDL,0.0967741935483871
HAVELLS,TECHM,0.0
HAVELLS,BOSCHLTD,0.0
HAVELLS,SOLARINDS,0.3333333333333333
HAVELLS,POWERGRID,0.0967741935483871
HAVELLS,GAIL,0.07692307692307693
HAVELLS,INDIGO,0.0
HAVELLS,ADANIENSOL,0.125
HAVELLS,ADANIPORTS,0.07317073170731707
HAVELLS,PIDILITIND,0.0
HAVELLS,BAJAJFINSV,0.0
HAVELLS,BHARTIARTL,0.0
HAVELLS,NTPC,0.08571428571428572
HAVELLS,HDFCBANK,0.0
HAVELLS,MAXHEALTH,0.0
HAVELLS,AXISBANK,0.0
HAVELLS,TVSMOTOR,0.0
HAVELLS,DMART,0.0
HAVELLS,CGPOWER,0.0
HAVELLS,INDHOTEL,0.125
HAVELLS,GODREJCP,0.0
HAVELLS,JSWENERGY,0.13043478260869565
HAVELLS,BPCL,0.10344827586206896
HAVELLS,ICICIGI,0.0
HAVELLS,TATASTEEL,0.07894736842105263
HAVELLS,RECLTD,0.07894736842105263
HAVELLS,APOLLOHOSP,0.0
HAVELLS,DIVISLAB,0.0
HAVELLS,COALINDIA,0.08823529411764706
HAVELLS,VBL,0.0
HAVELLS,DRREDDY,0.0
HAVELLS,JIOFIN,0.0
HAVELLS,TRENT,0.0
HAVELLS,CIPLA,0.0
HAVELLS,RELIANCE,0.09375
HAVELLS,SHREECEM,0.0
HAVELLS,TCS,0.0
HAVELLS,LICI,0.06451612903225806
HAVELLS,AMBUJACEM,0.06976744186046512
HAVELLS,SBIN,0.08108108108108109
HAVELLS,LTIM,0.0
HAVELLS,BANKBARODA,0.08108108108108109
HAVELLS,TATAPOWER,0.07894736842105263
HAVELLS,TORNTPHARM,0.0
HAVELLS,HINDZINC,0.0
HAVELLS,TATACONSUM,0.0
HAVELLS,WIPRO,0.0
HAVELLS,BAJAJ-AUTO,0.0
HAVELLS,ADANIPOWER,0.08333333333333333
HAVELLS,ABB,0.16666666666666666
HAVELLS,EICHERMOT,0.0
HAVELLS,INFY,0.0
HAVELLS,LT,0.07894736842105263
HAVELLS,ITC,0.0
HAVELLS,IOC,0.10344827586206896
HAVELLS,HCLTECH,0.0
HAVELLS,MOTHERSON,0.0
HAVELLS,JSWSTEEL,0.05714285714285714
HAVELLS,BRITANNIA,0.0
HAVELLS,ADANIENT,0.08108108108108109
HAVELLS,NESTLEIND,0.0
HAVELLS,TITAN,0.0
HAVELLS,ZYDUSLIFE,0.0
HAVELLS,GRASIM,0.0
HAVELLS,IRFC,0.2
HAVELLS,MAZDOCK,0.375
ASIANPAINT,HINDUNILVR,0.0
ASIANPAINT,ULTRACEMCO,0.0
ASIANPAINT,KOTAKBANK,0.0
ASIANPAINT,M&M,0.0
ASIANPAINT,JINDALSTEL,0.0
ASIANPAINT,PNB,0.0
ASIANPAINT,SUNPHARMA,0.0
ASIANPAINT,BAJAJHLDNG,0.0
ASIANPAINT,ADANIGREEN,0.0
ASIANPAINT,NAUKRI,0.0
ASIANPAINT,MARUTI,0.0
ASIANPAINT,ETERNAL,0.0
ASIANPAINT,VEDL,0.0
ASIANPAINT,TECHM,0.0
ASIANPAINT,BOSCHLTD,0.0
ASIANPAINT,SOLARINDS,0.0
ASIANPAINT,POWERGRID,0.0
ASIANPAINT,GAIL,0.0
ASIANPAINT,INDIGO,0.0
ASIANPAINT,ADANIENSOL,0.0
ASIANPAINT,ADANIPORTS,0.0
ASIANPAINT,PIDILITIND,0.0
ASIANPAINT,BAJAJFINSV,0.0
ASIANPAINT,BHARTIARTL,0.0
ASIANPAINT,BEL,0.0
ASIANPAINT,NTPC,0.0
ASIANPAINT,HDFCBANK,0.0
ASIANPAINT,MAXHEALTH,0.0
ASIANPAINT,AXISBANK,0.0
ASIANPAINT,TVSMOTOR,0.0
ASIANPAINT,DMART,0.0
ASIANPAINT,CGPOWER,0.0
ASIANPAINT,INDHOTEL,0.0
ASIANPAINT,GODREJCP,0.0
ASIANPAINT,JSWENERGY,0.0
ASIANPAINT,BPCL,0.0
ASIANPAINT,ICICIGI,0.0
ASIANPAINT,TATASTEEL,0.0
ASIANPAINT,RECLTD,0.0
ASIANPAINT,APOLLOHOSP,0.0
ASIANPAINT,COALINDIA,0.0
ASIANPAINT,HAL,0.0
ASIANPAINT,VBL,0.0
ASIANPAINT,DRREDDY,0.0
ASIANPAINT,JIOFIN,0.0
ASIANPAINT,TRENT,0.0
ASIANPAINT,CIPLA,0.0
ASIANPAINT,RELIANCE,0.0
ASIANPAINT,SHREECEM,0.0
ASIANPAINT,TCS,0.0
ASIANPAINT,LICI,0.0
ASIANPAINT,AMBUJACEM,0.0
ASIANPAINT,SBIN,0.0
ASIANPAINT,LTIM,0.0
ASIANPAINT,BANKBARODA,0.0
ASIANPAINT,TATAPOWER,0.0
ASIANPAINT,TORNTPHARM,0.0
ASIANPAINT,HINDZINC,0.0
ASIANPAINT,TATACONSUM,0.0
ASIANPAINT,WIPRO,0.0
ASIANPAINT,BAJAJ-AUTO,0.0
ASIANPAINT,ADANIPOWER,0.0
ASIANPAINT,ABB,0.0
ASIANPAINT,EICHERMOT,0.0
ASIANPAINT,INFY,0.0
ASIANPAINT,LT,0.0
ASIANPAINT,SIEMENS,0.0
ASIANPAINT,ITC,0.0
ASIANPAINT,IOC,0.0
ASIANPAINT,HCLTECH,0.0
ASIANPAINT,MOTHERSON,0.0
ASIANPAINT,JSWSTEEL,0.0
ASIANPAINT,BRITANNIA,0.0
ASIANPAINT,ADANIENT,0.0
ASIANPAINT,NESTLEIND,0.0
ASIANPAINT,TITAN,0.0
ASIANPAINT,ZYDUSLIFE,0.0
ASIANPAINT,GRASIM,0.0
ASIANPAINT,IRFC,0.0
ASIANPAINT,MAZDOCK,0.0
PNB,APOLLOHOSP,0.0
PNB,DIVISLAB,0.0
PNB,HINDUNILVR,0.0
PNB,VBL,0.0
PNB,DRREDDY,0.0
PNB,JIOFIN,0.10810810810810811
PNB,TRENT,0.0
PNB,CIPLA,0.0
PNB,KOTAKBANK,0.0
PNB,M&M,0.07894736842105263
PNB,SHREECEM,0.02631578947368421
PNB,TCS,0.0
PNB,LTIM,0.0
PNB,BAJAJHLDNG,0.0
PNB,SUNPHARMA,0.0
PNB,TORNTPHARM,0.0
PNB,HINDZINC,0.02702702702702703
PNB,NAUKRI,0.0
PNB,MARUTI,0.025
PNB,ETERNAL,0.0
PNB,TATACONSUM,0.0
PNB,WIPRO,0.0
PNB,BAJAJ-AUTO,0.0
PNB,TECHM,0.0
PNB,BOSCHLTD,0.0
PNB,SOLARINDS,0.02702702702702703
PNB,ABB,0.4864864864864865
PNB,EICHERMOT,0.0
PNB,INDIGO,0.13513513513513514
PNB,INFY,0.0
PNB,ADANIENSOL,0.40540540540540543
PNB,PIDILITIND,0.0
PNB,ITC,0.0
PNB,BAJAJFINSV,0.2857142857142857
PNB,BHARTIARTL,0.0
PNB,HDFCBANK,0.07894736842105263
PNB,MAXHEALTH,0.0
PNB,TVSMOTOR,0.0
PNB,HCLTECH,0.0
PNB,DMART,0.0
PNB,CGPOWER,0.0
PNB,BRITANNIA,0.0
PNB,NESTLEIND,0.0
PNB,ZYDUSLIFE,0.0
PNB,TITAN,0.0
PNB,GODREJCP,0.0
PNB,GRASIM,0.1794871794871795
PNB,MAZDOCK,0.21621621621621623
PNB,ICICIGI,0.0
SUNPHARMA,HINDUNILVR,0.0
SUNPHARMA,ULTRACEMCO,0.0
SUNPHARMA,KOTAKBANK,0.0
SUNPHARMA,M&M,0.0
SUNPHARMA,JINDALSTEL,0.0
SUNPHARMA,BAJAJHLDNG,0.0
SUNPHARMA,ADANIGREEN,0.0
SUNPHARMA,NAUKRI,0.0
SUNPHARMA,MARUTI,0.0
SUNPHARMA,ETERNAL,0.0
SUNPHARMA,VEDL,0.0
SUNPHARMA,TECHM,0.0
SUNPHARMA,BOSCHLTD,0.0
SUNPHARMA,SOLARINDS,0.0
SUNPHARMA,POWERGRID,0.0
SUNPHARMA,GAIL,0.0
SUNPHARMA,INDIGO,0.0
SUNPHARMA,ADANIENSOL,0.0
SUNPHARMA,ADANIPORTS,0.0
SUNPHARMA,PIDILITIND,0.0
SUNPHARMA,BAJAJFINSV,0.0
SUNPHARMA,BHARTIARTL,0.0
SUNPHARMA,BEL,0.0
SUNPHARMA,NTPC,0.0
SUNPHARMA,HDFCBANK,0.0
SUNPHARMA,MAXHEALTH,0.0
SUNPHARMA,AXISBANK,0.0
SUNPHARMA,TVSMOTOR,0.0
SUNPHARMA,DMART,0.0
SUNPHARMA,CGPOWER,0.0
SUNPHARMA,INDHOTEL,0.0
SUNPHARMA,GODREJCP,0.0
SUNPHARMA,JSWENERGY,0.0
SUNPHARMA,BPCL,0.0
SUNPHARMA,ICICIGI,0.0
SUNPHARMA,TATASTEEL,0.0
SUNPHARMA,RECLTD,0.0
SUNPHARMA,APOLLOHOSP,0.0
SUNPHARMA,DIVISLAB,0.0
SUNPHARMA,COALINDIA,0.0
SUNPHARMA,HAL,0.0
SUNPHARMA,VBL,0.0
SUNPHARMA,DRREDDY,0.0
SUNPHARMA,JIOFIN,0.0
SUNPHARMA,TRENT,0.0
SUNPHARMA,RELIANCE,0.0
SUNPHARMA,SHREECEM,0.0
SUNPHARMA,TCS,0.0
SUNPHARMA,LICI,0.0
SUNPHARMA,AMBUJACEM,0.0
SUNPHARMA,SBIN,0.0
SUNPHARMA,LTIM,0.0
SUNPHARMA,BANKBARODA,0.0
SUNPHARMA,TATAPOWER,0.0
SUNPHARMA,TORNTPHARM,0.0
SUNPHARMA,HINDZINC,0.0
SUNPHARMA,TATACONSUM,0.0
SUNPHARMA,WIPRO,0.0
SUNPHARMA,BAJAJ-AUTO,0.0
SUNPHARMA,ADANIPOWER,0.0
SUNPHARMA,ABB,0.0
SUNPHARMA,EICHERMOT,0.0
SUNPHARMA,INFY,0.0
SUNPHARMA,LT,0.0
SUNPHARMA,SIEMENS,0.0
SUNPHARMA,ITC,0.0
SUNPHARMA,IOC,0.0
SUNPHARMA,HCLTECH,0.0
SUNPHARMA,MOTHERSON,0.0
SUNPHARMA,JSWSTEEL,0.0
SUNPHARMA,BRITANNIA,0.0
SUNPHARMA,ADANIENT,0.0
SUNPHARMA,NESTLEIND,0.0
SUNPHARMA,TITAN,0.0
SUNPHARMA,ZYDUSLIFE,0.0
SUNPHARMA,GRASIM,0.0
SUNPHARMA,IRFC,0.0
SUNPHARMA,MAZDOCK,0.0
MARUTI,HINDUNILVR,0.0
MARUTI,ULTRACEMCO,0.06666666666666667
MARUTI,KOTAKBANK,0.0
MARUTI,JINDALSTEL,0.030303030303030304
MARUTI,BAJAJHLDNG,0.0
MARUTI,ADANIGREEN,0.0
MARUTI,NAUKRI,0.0
MARUTI,ETERNAL,0.0
MARUTI,VEDL,0.029411764705882353
MARUTI,TECHM,0.0
MARUTI,BOSCHLTD,0.0
MARUTI,SOLARINDS,0.0
MARUTI,POWERGRID,0.029411764705882353
MARUTI,GAIL,0.023809523809523808
MARUTI,INDIGO,0.0
MARUTI,ADANIENSOL,0.0
MARUTI,ADANIPORTS,0.022727272727272728
MARUTI,PIDILITIND,0.0
MARUTI,BAJAJFINSV,0.05
MARUTI,BHARTIARTL,0.0
MARUTI,BEL,0.022727272727272728
MARUTI,NTPC,0.02631578947368421
MARUTI,HDFCBANK,0.14285714285714285
MARUTI,MAXHEALTH,0.0
MARUTI,AXISBANK,0.0
MARUTI,DMART,0.0
MARUTI,CGPOWER,0.0
MARUTI,INDHOTEL,0.037037037037037035
MARUTI,GODREJCP,0.0
MARUTI,JSWENERGY,0.0
MARUTI,BPCL,0.03125
MARUTI,ICICIGI,0.0
MARUTI,RECLTD,0.024390243902439025
MARUTI,APOLLOHOSP,0.0
MARUTI,DIVISLAB,0.0
MARUTI,COALINDIA,0.02702702702702703
MARUTI,HAL,0.025
MARUTI,VBL,0.0
MARUTI,DRREDDY,0.0
MARUTI,JIOFIN,0.0
MARUTI,TRENT,0.0
MARUTI,CIPLA,0.0
MARUTI,RELIANCE,0.02857142857142857
MARUTI,SHREECEM,0.0
MARUTI,TCS,0.0
MARUTI,LICI,0.030303030303030304
MARUTI,AMBUJACEM,0.021739130434782608
MARUTI,SBIN,0.025
MARUTI,LTIM,0.0
MARUTI,BANKBARODA,0.025
MARUTI,TATAPOWER,0.024390243902439025
MARUTI,TORNTPHARM,0.0
MARUTI,HINDZINC,0.0
MARUTI,TATACONSUM,0.0
MARUTI,WIPRO,0.0
MARUTI,BAJAJ-AUTO,0.0
MARUTI,ADANIPOWER,0.0
MARUTI,ABB,0.047619047619047616
MARUTI,INFY,0.0
MARUTI,LT,0.024390243902439025
MARUTI,SIEMENS,0.030303030303030304
MARUTI,ITC,0.0
MARUTI,IOC,0.03125
MARUTI,HCLTECH,0.0
MARUTI,MOTHERSON,0.1
MARUTI,JSWSTEEL,0.05555555555555555
MARUTI,BRITANNIA,0.0
MARUTI,ADANIENT,0.025
MARUTI,NESTLEIND,0.0
MARUTI,TITAN,0.0
MARUTI,ZYDUSLIFE,0.0
MARUTI,GRASIM,0.08333333333333333
MARUTI,IRFC,0.0
MARUTI,MAZDOCK,0.0
SOLARINDS,HINDUNILVR,0.0
SOLARINDS,ULTRACEMCO,0.03571428571428571
SOLARINDS,KOTAKBANK,0.0
SOLARINDS,M&M,0.0
SOLARINDS,JINDALSTEL,0.03333333333333333
SOLARINDS,BAJAJHLDNG,0.0
SOLARINDS,ADANIGREEN,0.04
SOLARINDS,NAUKRI,0.0
SOLARINDS,ETERNAL,0.0
SOLARINDS,VEDL,0.03225806451612903
SOLARINDS,TECHM,0.0
SOLARINDS,BOSCHLTD,0.0
SOLARINDS,POWERGRID,0.03225806451612903
SOLARINDS,GAIL,0.02564102564102564
SOLARINDS,INDIGO,0.0
SOLARINDS,ADANIENSOL,0.06666666666666667
SOLARINDS,ADANIPORTS,0.024390243902439025
SOLARINDS,PIDILITIND,0.0
SOLARINDS,BAJAJFINSV,0.0
SOLARINDS,BHARTIARTL,0.0
SOLARINDS,NTPC,0.02857142857142857
SOLARINDS,HDFCBANK,0.0
SOLARINDS,MAXHEALTH,0.0
SOLARINDS,AXISBANK,0.0
SOLARINDS,TVSMOTOR,0.0
SOLARINDS,DMART,0.0
SOLARINDS,CGPOWER,0.0
SOLARINDS,INDHOTEL,0.041666666666666664
SOLARINDS,GODREJCP,0.0
SOLARINDS,JSWENERGY,0.043478260869565216
SOLARINDS,BPCL,0.034482758620689655
SOLARINDS,ICICIGI,0.0
SOLARINDS,TATASTEEL,0.02631578947368421
SOLARINDS,RECLTD,0.02631578947368421
SOLARINDS,APOLLOHOSP,0.0
SOLARINDS,DIVISLAB,0.0
SOLARINDS,COALINDIA,0.029411764705882353
SOLARINDS,HAL,0.02702702702702703
SOLARINDS,VBL,0.0
SOLARINDS,DRREDDY,0.0
SOLARINDS,JIOFIN,0.0
SOLARINDS,TRENT,0.0
SOLARINDS,CIPLA,0.0
SOLARINDS,RELIANCE,0.03125
SOLARINDS,SHREECEM,0.0
SOLARINDS,TCS,0.0
SOLARINDS,LICI,0.03333333333333333
SOLARINDS,AMBUJACEM,0.023255813953488372
SOLARINDS,SBIN,0.02702702702702703
SOLARINDS,LTIM,0.0
SOLARINDS,BANKBARODA,0.02702702702702703
SOLARINDS,TATAPOWER,0.02631578947368421
SOLARINDS,TORNTPHARM,0.0
SOLARINDS,HINDZINC,0.0
SOLARINDS,TATACONSUM,0.0
SOLARINDS,WIPRO,0.0
SOLARINDS,BAJAJ-AUTO,0.0
SOLARINDS,ADANIPOWER,0.043478260869565216
SOLARINDS,ABB,0.05555555555555555
SOLARINDS,EICHERMOT,0.0
SOLARINDS,INFY,0.0
SOLARINDS,LT,0.02631578947368421
SOLARINDS,SIEMENS,0.03333333333333333
SOLARINDS,ITC,0.0
SOLARINDS,IOC,0.034482758620689655
SOLARINDS,HCLTECH,0.0
SOLARINDS,MOTHERSON,0.0
SOLARINDS,JSWSTEEL,0.029411764705882353
SOLARINDS,BRITANNIA,0.0
SOLARINDS,ADANIENT,0.02702702702702703
SOLARINDS,NESTLEIND,0.0
SOLARINDS,TITAN,0.0
SOLARINDS,ZYDUSLIFE,0.0
SOLARINDS,GRASIM,0.0
SOLARINDS,IRFC,0.1111111111111111
SOLARINDS,MAZDOCK,0.125
POWERGRID,APOLLOHOSP,0.0
POWERGRID,DIVISLAB,0.0
POWERGRID,HINDUNILVR,0.0
POWERGRID,VBL,0.0
POWERGRID,DRREDDY,0.0
POWERGRID,ULTRACEMCO,0.5128205128205128
POWERGRID,JIOFIN,0.09375
POWERGRID,TRENT,0.0
POWERGRID,CIPLA,0.0
POWERGRID,KOTAKBANK,0.0
POWERGRID,M&M,0.06060606060606061
POWERGRID,SHREECEM,0.0
POWERGRID,TCS,0.0
POWERGRID,LTIM,0.0
POWERGRID,BAJAJHLDNG,0.0
POWERGRID,HINDZINC,0.03225806451612903
POWERGRID,TORNTPHARM,0.0
POWERGRID,NAUKRI,0.0
POWERGRID,ETERNAL,0.0
POWERGRID,TATACONSUM,0.0
POWERGRID,WIPRO,0.0
POWERGRID,BAJAJ-AUTO,0.0
POWERGRID,TECHM,0.0
POWERGRID,BOSCHLTD,0.0
POWERGRID,ABB,0.53125
POWERGRID,EICHERMOT,0.0
POWERGRID,INDIGO,0.16129032258064516
POWERGRID,INFY,0.0
POWERGRID,PIDILITIND,0.0
POWERGRID,ITC,0.0
POWERGRID,BAJAJFINSV,0.23076923076923078
POWERGRID,BHARTIARTL,0.0
POWERGRID,HDFCBANK,0.06060606060606061
POWERGRID,MAXHEALTH,0.0
POWERGRID,AXISBANK,0.2222222222222222
POWERGRID,MOTHERSON,0.22580645161290322
POWERGRID,DMART,0.0
POWERGRID,TVSMOTOR,0.0
POWERGRID,HCLTECH,0.0
POWERGRID,CGPOWER,0.0
POWERGRID,BRITANNIA,0.0
POWERGRID,NESTLEIND,0.0
POWERGRID,ZYDUSLIFE,0.0
POWERGRID,INDHOTEL,0.6176470588235294
POWERGRID,TITAN,0.0
POWERGRID,GODREJCP,0.0
POWERGRID,GRASIM,0.14285714285714285
POWERGRID,IRFC,0.2903225806451613
POWERGRID,MAZDOCK,0.25806451612903225
POWERGRID,ICICIGI,0.0
GAIL,APOLLOHOSP,0.0
GAIL,DIVISLAB,0.0
GAIL,HINDUNILVR,0.0
GAIL,VBL,0.0
GAIL,DRREDDY,0.0
GAIL,JIOFIN,0.10256410256410256
GAIL,TRENT,0.0
GAIL,CIPLA,0.0
GAIL,KOTAKBANK,0.0
GAIL,M&M,0.075
GAIL,SHREECEM,0.025
GAIL,TCS,0.0
GAIL,LTIM,0.0
GAIL,HINDZINC,0.02564102564102564
GAIL,TORNTPHARM,0.0
GAIL,NAUKRI,0.0
GAIL,ETERNAL,0.0
GAIL,TATACONSUM,0.0
GAIL,WIPRO,0.0
GAIL,BAJAJ-AUTO,0.0
GAIL,TECHM,0.0
GAIL,BOSCHLTD,0.0
GAIL,EICHERMOT,0.0
GAIL,INDIGO,0.1282051282051282
GAIL,INFY,0.0
GAIL,PIDILITIND,0.0
GAIL,GRASIM,0.17073170731707318
GAIL,ITC,0.0
GAIL,BAJAJFINSV,0.24444444444444444
GAIL,BHARTIARTL,0.0
GAIL,HDFCBANK,0.04878048780487805
GAIL,MAXHEALTH,0.0
GAIL,AXISBANK,0.23809523809523808
GAIL,MOTHERSON,0.1794871794871795
GAIL,DMART,0.0
GAIL,TVSMOTOR,0.0
GAIL,HCLTECH,0.0
GAIL,CGPOWER,0.0
GAIL,BRITANNIA,0.0
GAIL,NESTLEIND,0.0
GAIL,ZYDUSLIFE,0.0
GAIL,TITAN,0.0
GAIL,GODREJCP,0.0
GAIL,BAJAJHLDNG,0.0
GAIL,ICICIGI,0.0
INDIGO,HINDUNILVR,0.0
INDIGO,ULTRACEMCO,0.17857142857142858
INDIGO,KOTAKBANK,0.0
INDIGO,M&M,0.0
INDIGO,JINDALSTEL,0.16666666666666666
INDIGO,BAJAJHLDNG,0.0
INDIGO,ADANIGREEN,0.2
INDIGO,NAUKRI,0.0
INDIGO,ETERNAL,0.0
INDIGO,VEDL,0.16129032258064516
INDIGO,TECHM,0.0
INDIGO,BOSCHLTD,0.0
INDIGO,ADANIENSOL,0.25
INDIGO,PIDILITIND,0.0
INDIGO,BAJAJFINSV,0.047619047619047616
INDIGO,BHARTIARTL,0.0
INDIGO,BEL,0.12195121951219512
INDIGO,NTPC,0.14285714285714285
INDIGO,HDFCBANK,0.0
INDIGO,MAXHEALTH,0.0
INDIGO,AXISBANK,0.2
INDIGO,TVSMOTOR,0.0
INDIGO,DMART,0.0
INDIGO,CGPOWER,0.0
INDIGO,INDHOTEL,0.20833333333333334
INDIGO,GODREJCP,0.0
INDIGO,JSWENERGY,0.21739130434782608
INDIGO,BPCL,0.1724137931034483
INDIGO,ICICIGI,0.0
INDIGO,TATASTEEL,0.13157894736842105
INDIGO,RECLTD,0.13157894736842105
INDIGO,APOLLOHOSP,0.0
INDIGO,DIVISLAB,0.0
INDIGO,COALINDIA,0.14705882352941177
INDIGO,HAL,0.13513513513513514
INDIGO,VBL,0.0
INDIGO,DRREDDY,0.0
INDIGO,JIOFIN,0.5
INDIGO,TRENT,0.0
INDIGO,CIPLA,0.0
INDIGO,RELIANCE,0.15625
INDIGO,SHREECEM,0.0
INDIGO,TCS,0.0
INDIGO,LICI,0.16666666666666666
INDIGO,SBIN,0.13513513513513514
INDIGO,LTIM,0.0
INDIGO,TORNTPHARM,0.0
INDIGO,HINDZINC,0.0
INDIGO,TATACONSUM,0.0
INDIGO,WIPRO,0.0
INDIGO,BAJAJ-AUTO,0.0
INDIGO,ADANIPOWER,0.21739130434782608
INDIGO,ABB,0.21052631578947367
INDIGO,EICHERMOT,0.0
INDIGO,INFY,0.0
INDIGO,LT,0.13157894736842105
INDIGO,SIEMENS,0.16666666666666666
INDIGO,ITC,0.0
INDIGO,IOC,0.1724137931034483
INDIGO,HCLTECH,0.0
INDIGO,MOTHERSON,0.3333333333333333
INDIGO,JSWSTEEL,0.14705882352941177
INDIGO,BRITANNIA,0.0
INDIGO,ADANIENT,0.13513513513513514
INDIGO,NESTLEIND,0.0
INDIGO,TITAN,0.0
INDIGO,ZYDUSLIFE,0.0
INDIGO,GRASIM,0.07692307692307693
INDIGO,IRFC,0.16666666666666666
INDIGO,MAZDOCK,0.08333333333333333
ADANIENSOL,HINDUNILVR,0.0
ADANIENSOL,ULTRACEMCO,0.30303030303030304
ADANIENSOL,KOTAKBANK,0.0
ADANIENSOL,M&M,0.0
ADANIENSOL,JINDALSTEL,0.40625
ADANIENSOL,BAJAJHLDNG,0.0
ADANIENSOL,NAUKRI,0.0
ADANIENSOL,ETERNAL,0.0
ADANIENSOL,VEDL,0.35294117647058826
ADANIENSOL,TECHM,0.0
ADANIENSOL,BOSCHLTD,0.0
ADANIENSOL,PIDILITIND,0.0
ADANIENSOL,BAJAJFINSV,0.10344827586206896
ADANIENSOL,BHARTIARTL,0.0
ADANIENSOL,HDFCBANK,0.0
ADANIENSOL,MAXHEALTH,0.0
ADANIENSOL,AXISBANK,0.21739130434782608
ADANIENSOL,TVSMOTOR,0.0
ADANIENSOL,DMART,0.0
ADANIENSOL,CGPOWER,0.0
ADANIENSOL,INDHOTEL,0.3448275862068966
ADANIENSOL,GODREJCP,0.0
ADANIENSOL,JSWENERGY,0.46153846153846156
ADANIENSOL,BPCL,0.4666666666666667
ADANIENSOL,ICICIGI,0.0
ADANIENSOL,TATASTEEL,0.325
ADANIENSOL,RECLTD,0.39473684210526316
ADANIENSOL,APOLLOHOSP,0.0
ADANIENSOL,DIVISLAB,0.0
ADANIENSOL,VBL,0.0
ADANIENSOL,DRREDDY,0.0
ADANIENSOL,JIOFIN,0.1875
ADANIENSOL,TRENT,0.0
ADANIENSOL,CIPLA,0.0
ADANIENSOL,RELIANCE,0.46875
ADANIENSOL,SHREECEM,0.0
ADANIENSOL,TCS,0.0
ADANIENSOL,LICI,0.5
ADANIENSOL,LTIM,0.0
ADANIENSOL,BANKBARODA,0.40540540540540543
ADANIENSOL,TORNTPHARM,0.0
ADANIENSOL,HINDZINC,0.0
ADANIENSOL,TATACONSUM,0.0
ADANIENSOL,WIPRO,0.0
ADANIENSOL,BAJAJ-AUTO,0.0
ADANIENSOL,ABB,0.375
ADANIENSOL,EICHERMOT,0.0
ADANIENSOL,INFY,0.0
ADANIENSOL,SIEMENS,0.40625
ADANIENSOL,ITC,0.0
ADANIENSOL,IOC,0.4666666666666667
ADANIENSOL,HCLTECH,0.0
ADANIENSOL,MOTHERSON,0.2222222222222222
ADANIENSOL,JSWSTEEL,0.3611111111111111
ADANIENSOL,BRITANNIA,0.0
ADANIENSOL,NESTLEIND,0.0
ADANIENSOL,TITAN,0.0
ADANIENSOL,ZYDUSLIFE,0.0
ADANIENSOL,GRASIM,0.14285714285714285
ADANIENSOL,IRFC,0.2631578947368421
ADANIENSOL,MAZDOCK,0.21052631578947367
BAJAJFINSV,HINDUNILVR,0.0
BAJAJFINSV,KOTAKBANK,0.058823529411764705
BAJAJFINSV,M&M,0.16666666666666666
BAJAJFINSV,JINDALSTEL,0.20512820512820512
BAJAJFINSV,BAJAJHLDNG,0.0
BAJAJFINSV,ADANIGREEN,0.2
BAJAJFINSV,NAUKRI,0.0
BAJAJFINSV,ETERNAL,0.0
BAJAJFINSV,VEDL,0.2
BAJAJFINSV,TECHM,0.0
BAJAJFINSV,BOSCHLTD,0.0
BAJAJFINSV,PIDILITIND,0.0
BAJAJFINSV,BHARTIARTL,0.0
BAJAJFINSV,BEL,0.23404255319148937
BAJAJFINSV,NTPC,0.3
BAJAJFINSV,HDFCBANK,0.23529411764705882
BAJAJFINSV,MAXHEALTH,0.0
BAJAJFINSV,TVSMOTOR,0.0
BAJAJFINSV,DMART,0.0
BAJAJFINSV,CGPOWER,0.0
BAJAJFINSV,INDHOTEL,0.20588235294117646
BAJAJFINSV,GODREJCP,0.0
BAJAJFINSV,JSWENERGY,0.21212121212121213
BAJAJFINSV,BPCL,0.2777777777777778
BAJAJFINSV,ICICIGI,0.05555555555555555
BAJAJFINSV,APOLLOHOSP,0.0
BAJAJFINSV,DIVISLAB,0.0
BAJAJFINSV,COALINDIA,0.24390243902439024
BAJAJFINSV,HAL,0.22727272727272727
BAJAJFINSV,VBL,0.0
BAJAJFINSV,DRREDDY,0.0
BAJAJFINSV,JIOFIN,0.05
BAJAJFINSV,TRENT,0.0
BAJAJFINSV,CIPLA,0.0
BAJAJFINSV,SHREECEM,0.11764705882352941
BAJAJFINSV,TCS,0.0
BAJAJFINSV,LICI,0.175
BAJAJFINSV,AMBUJACEM,0.30434782608695654
BAJAJFINSV,LTIM,0.0
BAJAJFINSV,BANKBARODA,0.3170731707317073
BAJAJFINSV,TATAPOWER,0.25
BAJAJFINSV,TORNTPHARM,0.0
BAJAJFINSV,HINDZINC,0.0
BAJAJFINSV,TATACONSUM,0.0
BAJAJFINSV,WIPRO,0.0
BAJAJFINSV,BAJAJ-AUTO,0.0
BAJAJFINSV,ADANIPOWER,0.21212121212121213
BAJAJFINSV,ABB,0.25
BAJAJFINSV,EICHERMOT,0.0
BAJAJFINSV,INFY,0.0
BAJAJFINSV,SIEMENS,0.20512820512820512
BAJAJFINSV,ITC,0.0
BAJAJFINSV,IOC,0.21052631578947367
BAJAJFINSV,HCLTECH,0.0
BAJAJFINSV,MOTHERSON,0.043478260869565216
BAJAJFINSV,BRITANNIA,0.0
BAJAJFINSV,ADANIENT,0.3170731707317073
BAJAJFINSV,NESTLEIND,0.0
BAJAJFINSV,TITAN,0.0
BAJAJFINSV,ZYDUSLIFE,0.0
BAJAJFINSV,IRFC,0.04
BAJAJFINSV,MAZDOCK,0.08695652173913043
BEL,APOLLOHOSP,0.0
BEL,DIVISLAB,0.0
BEL,HINDUNILVR,0.0
BEL,VBL,0.0
BEL,DRREDDY,0.0
BEL,JIOFIN,0.0975609756097561
BEL,TRENT,0.0
BEL,CIPLA,0.0
BEL,KOTAKBANK,0.0
BEL,M&M,0.07142857142857142
BEL,SHREECEM,0.023809523809523808
BEL,TCS,0.0
BEL,LTIM,0.0
BEL,HINDZINC,0.024390243902439025
BEL,TORNTPHARM,0.0
BEL,NAUKRI,0.0
BEL,ETERNAL,0.0
BEL,TATACONSUM,0.0
BEL,WIPRO,0.0
BEL,BAJAJ-AUTO,0.0
BEL,TECHM,0.0
BEL,BOSCHLTD,0.0
BEL,EICHERMOT,0.0
BEL,INFY,0.0
BEL,PIDILITIND,0.0
BEL,GRASIM,0.16279069767441862
BEL,ITC,0.0
BEL,BHARTIARTL,0.0
BEL,HDFCBANK,0.046511627906976744
BEL,MAXHEALTH,0.0
BEL,AXISBANK,0.22727272727272727
BEL,MOTHERSON,0.17073170731707318
BEL,DMART,0.0
BEL,TVSMOTOR,0.0
BEL,HCLTECH,0.0
BEL,CGPOWER,0.0
BEL,BRITANNIA,0.0
BEL,NESTLEIND,0.0
BEL,ZYDUSLIFE,0.0
BEL,TITAN,0.0
BEL,GODREJCP,0.0
BEL,BAJAJHLDNG,0.0
BEL,ICICIGI,0.0
MAXHEALTH,HINDUNILVR,0.0
MAXHEALTH,ULTRACEMCO,0.0
MAXHEALTH,KOTAKBANK,0.0
MAXHEALTH,M&M,0.0
MAXHEALTH,JINDALSTEL,0.0
MAXHEALTH,BAJAJHLDNG,0.0
MAXHEALTH,ADANIGREEN,0.0
MAXHEALTH,NAUKRI,0.0
MAXHEALTH,ETERNAL,0.0
MAXHEALTH,VEDL,0.0
MAXHEALTH,TECHM,0.0
MAXHEALTH,BOSCHLTD,0.0
MAXHEALTH,ADANIPORTS,0.0
MAXHEALTH,PIDILITIND,0.0
MAXHEALTH,BHARTIARTL,0.0
MAXHEALTH,NTPC,0.0
MAXHEALTH,HDFCBANK,0.0
MAXHEALTH,TVSMOTOR,0.0
MAXHEALTH,AXISBANK,0.0
MAXHEALTH,DMART,0.0
MAXHEALTH,CGPOWER,0.0
MAXHEALTH,INDHOTEL,0.0
MAXHEALTH,GODREJCP,0.0
MAXHEALTH,JSWENERGY,0.0
MAXHEALTH,BPCL,0.0
MAXHEALTH,ICICIGI,0.0
MAXHEALTH,TATASTEEL,0.0
MAXHEALTH,RECLTD,0.0
MAXHEALTH,APOLLOHOSP,0.0
MAXHEALTH,DIVISLAB,0.0
MAXHEALTH,COALINDIA,0.0
MAXHEALTH,HAL,0.0
MAXHEALTH,VBL,0.0
MAXHEALTH,DRREDDY,0.0
MAXHEALTH,JIOFIN,0.0
MAXHEALTH,TRENT,0.0
MAXHEALTH,CIPLA,0.0
MAXHEALTH,RELIANCE,0.0
MAXHEALTH,SHREECEM,0.0
MAXHEALTH,TCS,0.0
MAXHEALTH,LICI,0.0
MAXHEALTH,AMBUJACEM,0.0
MAXHEALTH,SBIN,0.0
MAXHEALTH,LTIM,0.0
MAXHEALTH,BANKBARODA,0.0
MAXHEALTH,TATAPOWER,0.0
MAXHEALTH,TORNTPHARM,0.0
MAXHEALTH,HINDZINC,0.0
MAXHEALTH,TATACONSUM,0.0
MAXHEALTH,WIPRO,0.0
MAXHEALTH,BAJAJ-AUTO,0.0
MAXHEALTH,ADANIPOWER,0.0
MAXHEALTH,ABB,0.0
MAXHEALTH,EICHERMOT,0.0
MAXHEALTH,INFY,0.0
MAXHEALTH,LT,0.0
MAXHEALTH,SIEMENS,0.0
MAXHEALTH,ITC,0.0
MAXHEALTH,IOC,0.0
MAXHEALTH,HCLTECH,0.0
MAXHEALTH,MOTHERSON,0.0
MAXHEALTH,JSWSTEEL,0.0
MAXHEALTH,BRITANNIA,0.0
MAXHEALTH,ADANIENT,0.0
MAXHEALTH,NESTLEIND,0.0
MAXHEALTH,TITAN,0.0
MAXHEALTH,ZYDUSLIFE,0.0
MAXHEALTH,GRASIM,0.0
MAXHEALTH,IRFC,0.0
MAXHEALTH,MAZDOCK,0.0
AXISBANK,HINDUNILVR,0.0
AXISBANK,KOTAKBANK,0.07692307692307693
AXISBANK,M&M,0.0625
AXISBANK,JINDALSTEL,0.19444444444444445
AXISBANK,BAJAJHLDNG,0.0
AXISBANK,ADANIGREEN,0.3103448275862069
AXISBANK,NAUKRI,0.0
AXISBANK,ETERNAL,0.0
AXISBANK,VEDL,0.1891891891891892
AXISBANK,TECHM,0.0
AXISBANK,BOSCHLTD,0.0
AXISBANK,PIDILITIND,0.0
AXISBANK,BHARTIARTL,0.0
AXISBANK,TVSMOTOR,0.0
AXISBANK,DMART,0.0
AXISBANK,CGPOWER,0.0
AXISBANK,INDHOTEL,0.23333333333333334
AXISBANK,GODREJCP,0.0
AXISBANK,JSWENERGY,0.2857142857142857
AXISBANK,BPCL,0.2727272727272727
AXISBANK,ICICIGI,0.0
AXISBANK,TATASTEEL,0.3076923076923077
AXISBANK,RECLTD,0.275
AXISBANK,APOLLOHOSP,0.0
AXISBANK,DIVISLAB,0.0
AXISBANK,COALINDIA,0.23684210526315788
AXISBANK,HAL,0.21951219512195122
AXISBANK,VBL,0.0
AXISBANK,DRREDDY,0.0
AXISBANK,JIOFIN,0.13333333333333333
AXISBANK,TRENT,0.0
AXISBANK,CIPLA,0.0
AXISBANK,SHREECEM,0.07142857142857142
AXISBANK,TCS,0.0
AXISBANK,LICI,0.19444444444444445
AXISBANK,AMBUJACEM,0.24444444444444444
AXISBANK,LTIM,0.0
AXISBANK,TATAPOWER,0.24390243902439024
AXISBANK,TORNTPHARM,0.0
AXISBANK,HINDZINC,0.0
AXISBANK,TATACONSUM,0.0
AXISBANK,WIPRO,0.0
AXISBANK,BAJAJ-AUTO,0.0
AXISBANK,ADANIPOWER,0.2857142857142857
AXISBANK,ABB,0.14814814814814814
AXISBANK,EICHERMOT,0.0
AXISBANK,INFY,0.0
AXISBANK,SIEMENS,0.22857142857142856
AXISBANK,ITC,0.0
AXISBANK,IOC,0.23529411764705882
AXISBANK,HCLTECH,0.0
AXISBANK,MOTHERSON,0.1111111111111111
AXISBANK,JSWSTEEL,0.34285714285714286
AXISBANK,BRITANNIA,0.0
AXISBANK,ADANIENT,0.28205128205128205
AXISBANK,NESTLEIND,0.0
AXISBANK,TITAN,0.0
AXISBANK,ZYDUSLIFE,0.0
AXISBANK,GRASIM,0.15789473684210525
AXISBANK,IRFC,0.047619047619047616
AXISBANK,MAZDOCK,0.0
DMART,HINDUNILVR,0.0
DMART,ULTRACEMCO,0.0
DMART,KOTAKBANK,0.0
DMART,M&M,0.0
DMART,JINDALSTEL,0.0
DMART,BAJAJHLDNG,0.0
DMART,ADANIGREEN,0.0
DMART,NAUKRI,0.0
DMART,ETERNAL,0.0
DMART,VEDL,0.0
DMART,TECHM,0.0
DMART,BOSCHLTD,0.0
DMART,ADANIPORTS,0.0
DMART,PIDILITIND,0.0
DMART,BHARTIARTL,0.0
DMART,NTPC,0.0
DMART,HDFCBANK,0.0
DMART,TVSMOTOR,0.0
DMART,CGPOWER,0.0
DMART,INDHOTEL,0.0
DMART,GODREJCP,0.0
DMART,JSWENERGY,0.0
DMART,BPCL,0.0
DMART,ICICIGI,0.0
DMART,TATASTEEL,0.0
DMART,RECLTD,0.0
DMART,APOLLOHOSP,0.0
DMART,DIVISLAB,0.0
DMART,COALINDIA,0.0
DMART,HAL,0.0
DMART,VBL,0.0
DMART,DRREDDY,0.0
DMART,JIOFIN,0.0
DMART,TRENT,0.0
DMART,CIPLA,0.0
DMART,RELIANCE,0.0
DMART,SHREECEM,0.0
DMART,TCS,0.0
DMART,LICI,0.0
DMART,AMBUJACEM,0.0
DMART,SBIN,0.0
DMART,LTIM,0.0
DMART,BANKBARODA,0.0
DMART,TATAPOWER,0.0
DMART,TORNTPHARM,0.0
DMART,HINDZINC,0.0
DMART,TATACONSUM,0.0
DMART,WIPRO,0.0
DMART,BAJAJ-AUTO,0.0
DMART,ADANIPOWER,0.0
DMART,ABB,0.0
DMART,EICHERMOT,0.0
DMART,INFY,0.0
DMART,LT,0.0
DMART,SIEMENS,0.0
DMART,ITC,0.0
DMART,IOC,0.0
DMART,HCLTECH,0.0
DMART,MOTHERSON,0.0
DMART,JSWSTEEL,0.0
DMART,BRITANNIA,0.0
DMART,ADANIENT,0.0
DMART,NESTLEIND,0.0
DMART,TITAN,0.0
DMART,ZYDUSLIFE,0.0
DMART,GRASIM,0.0
DMART,IRFC,0.0
DMART,MAZDOCK,0.0
CGPOWER,HINDUNILVR,0.0
CGPOWER,ULTRACEMCO,0.0
CGPOWER,KOTAKBANK,0.0
CGPOWER,M&M,0.0
CGPOWER,JINDALSTEL,0.0
CGPOWER,BAJAJHLDNG,0.0
CGPOWER,ADANIGREEN,0.0
CGPOWER,NAUKRI,0.0
CGPOWER,ETERNAL,0.0
CGPOWER,VEDL,0.0
CGPOWER,TECHM,0.0
CGPOWER,BOSCHLTD,0.0
CGPOWER,ADANIPORTS,0.0
CGPOWER,PIDILITIND,0.0
CGPOWER,BHARTIARTL,0.0
CGPOWER,NTPC,0.0
CGPOWER,HDFCBANK,0.0
CGPOWER,TVSMOTOR,0.0
CGPOWER,INDHOTEL,0.0
CGPOWER,GODREJCP,0.0
CGPOWER,JSWENERGY,0.0
CGPOWER,BPCL,0.0
CGPOWER,ICICIGI,0.0
CGPOWER,TATASTEEL,0.0
CGPOWER,RECLTD,0.0
CGPOWER,APOLLOHOSP,0.0
CGPOWER,DIVISLAB,0.0
CGPOWER,COALINDIA,0.0
CGPOWER,HAL,0.0
CGPOWER,VBL,0.0
CGPOWER,DRREDDY,0.0
CGPOWER,JIOFIN,0.0
CGPOWER,TRENT,0.0
CGPOWER,CIPLA,0.0
CGPOWER,RELIANCE,0.0
CGPOWER,SHREECEM,0.0
CGPOWER,TCS,0.0
CGPOWER,LICI,0.0
CGPOWER,AMBUJACEM,0.0
CGPOWER,SBIN,0.0
CGPOWER,LTIM,0.0
CGPOWER,BANKBARODA,0.0
CGPOWER,TATAPOWER,0.0
CGPOWER,TORNTPHARM,0.0
CGPOWER,HINDZINC,0.0
CGPOWER,TATACONSUM,0.0
CGPOWER,WIPRO,0.0
CGPOWER,BAJAJ-AUTO,0.0
CGPOWER,ADANIPOWER,0.0
CGPOWER,ABB,0.0
CGPOWER,EICHERMOT,0.0
CGPOWER,INFY,0.0
CGPOWER,LT,0.0
CGPOWER,SIEMENS,0.0
CGPOWER,ITC,0.0
CGPOWER,IOC,0.0
CGPOWER,HCLTECH,0.0
CGPOWER,MOTHERSON,0.0
CGPOWER,JSWSTEEL,0.0
CGPOWER,BRITANNIA,0.0
CGPOWER,ADANIENT,0.0
CGPOWER,NESTLEIND,0.0
CGPOWER,TITAN,0.0
CGPOWER,ZYDUSLIFE,0.0
CGPOWER,GRASIM,0.0
CGPOWER,IRFC,0.0
CGPOWER,MAZDOCK,0.0
INDHOTEL,APOLLOHOSP,0.0
INDHOTEL,DIVISLAB,0.0
INDHOTEL,COALINDIA,0.6111111111111112
INDHOTEL,HINDUNILVR,0.0
INDHOTEL,VBL,0.0
INDHOTEL,DRREDDY,0.0
INDHOTEL,ULTRACEMCO,0.4444444444444444
INDHOTEL,TRENT,0.0
INDHOTEL,CIPLA,0.0
INDHOTEL,KOTAKBANK,0.0
INDHOTEL,M&M,0.037037037037037035
INDHOTEL,RELIANCE,0.5135135135135135
INDHOTEL,SHREECEM,0.0
INDHOTEL,TCS,0.0
INDHOTEL,SBIN,0.5641025641025641
INDHOTEL,LTIM,0.0
INDHOTEL,HINDZINC,0.041666666666666664
INDHOTEL,TORNTPHARM,0.0
INDHOTEL,ADANIGREEN,0.4411764705882353
INDHOTEL,NAUKRI,0.0
INDHOTEL,ETERNAL,0.0
INDHOTEL,TATACONSUM,0.0
INDHOTEL,WIPRO,0.0
INDHOTEL,BAJAJ-AUTO,0.0
INDHOTEL,TECHM,0.0
INDHOTEL,BOSCHLTD,0.0
INDHOTEL,ADANIPOWER,0.5161290322580645
INDHOTEL,EICHERMOT,0.0
INDHOTEL,INFY,0.0
INDHOTEL,PIDILITIND,0.0
INDHOTEL,GRASIM,0.1
INDHOTEL,ITC,0.0
INDHOTEL,BHARTIARTL,0.0
INDHOTEL,IOC,0.6060606060606061
INDHOTEL,HDFCBANK,0.037037037037037035
INDHOTEL,TVSMOTOR,0.0
INDHOTEL,MOTHERSON,0.24
INDHOTEL,HCLTECH,0.0
INDHOTEL,JSWSTEEL,0.5263157894736842
INDHOTEL,BRITANNIA,0.0
INDHOTEL,NESTLEIND,0.0
INDHOTEL,ZYDUSLIFE,0.0
INDHOTEL,TITAN,0.0
INDHOTEL,GODREJCP,0.0
INDHOTEL,BPCL,0.6060606060606061
INDHOTEL,BAJAJHLDNG,0.0
INDHOTEL,IRFC,0.32
INDHOTEL,MAZDOCK,0.3333333333333333
INDHOTEL,ICICIGI,0.0
RECLTD,APOLLOHOSP,0.0
RECLTD,DIVISLAB,0.0
RECLTD,HINDUNILVR,0.0
RECLTD,VBL,0.0
RECLTD,DRREDDY,0.0
RECLTD,JIOFIN,0.10526315789473684
RECLTD,TRENT,0.0
RECLTD,CIPLA,0.0
RECLTD,M&M,0.07692307692307693
RECLTD,KOTAKBANK,0.0
RECLTD,SHREECEM,0.02564102564102564
RECLTD,TCS,0.0
RECLTD,LTIM,0.0
RECLTD,HINDZINC,0.02631578947368421
RECLTD,TORNTPHARM,0.0
RECLTD,NAUKRI,0.0
RECLTD,ETERNAL,0.0
RECLTD,TATACONSUM,0.0
RECLTD,WIPRO,0.0
RECLTD,BAJAJ-AUTO,0.0
RECLTD,TECHM,0.0
RECLTD,BOSCHLTD,0.0
RECLTD,EICHERMOT,0.0
RECLTD,INFY,0.0
RECLTD,PIDILITIND,0.0
RECLTD,GRASIM,0.175
RECLTD,ITC,0.0
RECLTD,BHARTIARTL,0.0
RECLTD,HDFCBANK,0.05
RECLTD,TVSMOTOR,0.0
RECLTD,MOTHERSON,0.18421052631578946
RECLTD,HCLTECH,0.0
RECLTD,BRITANNIA,0.0
RECLTD,NESTLEIND,0.0
RECLTD,ZYDUSLIFE,0.0
RECLTD,TITAN,0.0
RECLTD,GODREJCP,0.0
RECLTD,BAJAJHLDNG,0.0
RECLTD,ICICIGI,0.0
DIVISLAB,HINDUNILVR,0.0
DIVISLAB,ULTRACEMCO,0.0
DIVISLAB,KOTAKBANK,0.0
DIVISLAB,M&M,0.0
DIVISLAB,JINDALSTEL,0.0
DIVISLAB,BAJAJHLDNG,0.0
DIVISLAB,ADANIGREEN,0.0
DIVISLAB,NAUKRI,0.0
DIVISLAB,ETERNAL,0.0
DIVISLAB,VEDL,0.0
DIVISLAB,TECHM,0.0
DIVISLAB,BOSCHLTD,0.0
DIVISLAB,ADANIPORTS,0.0
DIVISLAB,PIDILITIND,0.0
DIVISLAB,BHARTIARTL,0.0
DIVISLAB,NTPC,0.0
DIVISLAB,HDFCBANK,0.0
DIVISLAB,TVSMOTOR,0.0
DIVISLAB,GODREJCP,0.0
DIVISLAB,JSWENERGY,0.0
DIVISLAB,BPCL,0.0
DIVISLAB,ICICIGI,0.0
DIVISLAB,TATASTEEL,0.0
DIVISLAB,APOLLOHOSP,0.0
DIVISLAB,COALINDIA,0.0
DIVISLAB,HAL,0.0
DIVISLAB,VBL,0.0
DIVISLAB,DRREDDY,0.0
DIVISLAB,JIOFIN,0.0
DIVISLAB,TRENT,0.0
DIVISLAB,CIPLA,0.0
DIVISLAB,RELIANCE,0.0
DIVISLAB,SHREECEM,0.0
DIVISLAB,TCS,0.0
DIVISLAB,LICI,0.0
DIVISLAB,AMBUJACEM,0.0
DIVISLAB,SBIN,0.0
DIVISLAB,LTIM,0.0
DIVISLAB,BANKBARODA,0.0
DIVISLAB,TATAPOWER,0.0
DIVISLAB,TORNTPHARM,0.0
DIVISLAB,HINDZINC,0.0
DIVISLAB,TATACONSUM,0.0
DIVISLAB,WIPRO,0.0
DIVISLAB,BAJAJ-AUTO,0.0
DIVISLAB,ADANIPOWER,0.0
DIVISLAB,ABB,0.0
DIVISLAB,EICHERMOT,0.0
DIVISLAB,INFY,0.0
DIVISLAB,LT,0.0
DIVISLAB,SIEMENS,0.0
DIVISLAB,ITC,0.0
DIVISLAB,IOC,0.0
DIVISLAB,HCLTECH,0.0
DIVISLAB,MOTHERSON,0.0
DIVISLAB,JSWSTEEL,0.0
DIVISLAB,BRITANNIA,0.0
DIVISLAB,ADANIENT,0.0
DIVISLAB,NESTLEIND,0.0
DIVISLAB,TITAN,0.0
DIVISLAB,ZYDUSLIFE,0.0
DIVISLAB,GRASIM,0.0
DIVISLAB,IRFC,0.0
DIVISLAB,MAZDOCK,0.0
COALINDIA,APOLLOHOSP,0.0
COALINDIA,HINDUNILVR,0.0
COALINDIA,VBL,0.0
COALINDIA,DRREDDY,0.0
COALINDIA,ULTRACEMCO,0.5121951219512195
COALINDIA,JIOFIN,0.08571428571428572
COALINDIA,TRENT,0.0
COALINDIA,CIPLA,0.0
COALINDIA,M&M,0.05555555555555555
COALINDIA,KOTAKBANK,0.0
COALINDIA,SHREECEM,0.0
COALINDIA,TCS,0.0
COALINDIA,LTIM,0.0
COALINDIA,HINDZINC,0.029411764705882353
COALINDIA,TORNTPHARM,0.0
COALINDIA,NAUKRI,0.0
COALINDIA,ETERNAL,0.0
COALINDIA,TATACONSUM,0.0
COALINDIA,WIPRO,0.0
COALINDIA,BAJAJ-AUTO,0.0
COALINDIA,TECHM,0.0
COALINDIA,BOSCHLTD,0.0
COALINDIA,EICHERMOT,0.0
COALINDIA,INFY,0.0
COALINDIA,PIDILITIND,0.0
COALINDIA,GRASIM,0.16216216216216217
COALINDIA,ITC,0.0
COALINDIA,BHARTIARTL,0.0
COALINDIA,HDFCBANK,0.05555555555555555
COALINDIA,TVSMOTOR,0.0
COALINDIA,HCLTECH,0.0
COALINDIA,BRITANNIA,0.0
COALINDIA,NESTLEIND,0.0
COALINDIA,ZYDUSLIFE,0.0
COALINDIA,TITAN,0.0
COALINDIA,GODREJCP,0.0
COALINDIA,JSWENERGY,0.6285714285714286
COALINDIA,BAJAJHLDNG,0.0
COALINDIA,IRFC,0.2647058823529412
COALINDIA,MAZDOCK,0.23529411764705882
COALINDIA,ICICIGI,0.0
HAL,APOLLOHOSP,0.0
HAL,HINDUNILVR,0.0
HAL,VBL,0.0
HAL,DRREDDY,0.0
HAL,ULTRACEMCO,0.4772727272727273
HAL,JIOFIN,0.10810810810810811
HAL,TRENT,0.0
HAL,CIPLA,0.0
HAL,M&M,0.05128205128205128
HAL,KOTAKBANK,0.0
HAL,SHREECEM,0.0
HAL,TCS,0.0
HAL,LTIM,0.0
HAL,HINDZINC,0.02702702702702703
HAL,TORNTPHARM,0.0
HAL,NAUKRI,0.0
HAL,ETERNAL,0.0
HAL,TATACONSUM,0.0
HAL,WIPRO,0.0
HAL,BAJAJ-AUTO,0.0
HAL,TECHM,0.0
HAL,BOSCHLTD,0.0
HAL,EICHERMOT,0.0
HAL,INFY,0.0
HAL,PIDILITIND,0.0
HAL,GRASIM,0.12195121951219512
HAL,ITC,0.0
HAL,BHARTIARTL,0.0
HAL,HDFCBANK,0.05128205128205128
HAL,TVSMOTOR,0.0
HAL,MOTHERSON,0.1891891891891892
HAL,HCLTECH,0.0
HAL,BRITANNIA,0.0
HAL,NESTLEIND,0.0
HAL,ZYDUSLIFE,0.0
HAL,TITAN,0.0
HAL,GODREJCP,0.0
HAL,BAJAJHLDNG,0.0
HAL,ICICIGI,0.0
VBL,APOLLOHOSP,0.0
VBL,HINDUNILVR,0.0
VBL,DRREDDY,0.0
VBL,ULTRACEMCO,0.0
VBL,JIOFIN,0.0
VBL,TRENT,0.0
VBL,CIPLA,0.0
VBL,KOTAKBANK,0.0
VBL,M&M,0.0
VBL,RELIANCE,0.0
VBL,SHREECEM,0.0
VBL,JINDALSTEL,0.0
VBL,TCS,0.0
VBL,LICI,0.0
VBL,AMBUJACEM,0.0
VBL,SBIN,0.0
VBL,LTIM,0.0
VBL,BANKBARODA,0.0
VBL,TATAPOWER,0.0
VBL,TORNTPHARM,0.0
VBL,BAJAJHLDNG,0.0
VBL,ADANIGREEN,0.0
VBL,NAUKRI,0.0
VBL,HINDZINC,0.0
VBL,ETERNAL,0.0
VBL,VEDL,0.0
VBL,TATACONSUM,0.0
VBL,WIPRO,0.0
VBL,BAJAJ-AUTO,0.0
VBL,BPCL,0.0
VBL,TECHM,0.0
VBL,BOSCHLTD,0.0
VBL,ADANIPOWER,0.0
VBL,ABB,0.0
VBL,EICHERMOT,0.0
VBL,INFY,0.0
VBL,ADANIPORTS,0.0
VBL,LT,0.0
VBL,PIDILITIND,0.0
VBL,TATASTEEL,0.0
VBL,SIEMENS,0.0
VBL,ITC,0.0
VBL,BHARTIARTL,0.0
VBL,IOC,0.0
VBL,HDFCBANK,0.0
VBL,TVSMOTOR,0.0
VBL,MOTHERSON,0.0
VBL,HCLTECH,0.0
VBL,JSWSTEEL,0.0
VBL,NTPC,0.0
VBL,BRITANNIA,0.0
VBL,ADANIENT,0.0
VBL,NESTLEIND,0.0
VBL,TITAN,0.0
VBL,GODREJCP,0.0
VBL,ZYDUSLIFE,0.0
VBL,JSWENERGY,0.0
VBL,GRASIM,0.0
VBL,IRFC,0.0
VBL,MAZDOCK,0.0
VBL,ICICIGI,0.0
JIOFIN,APOLLOHOSP,0.0
JIOFIN,HINDUNILVR,0.0
JIOFIN,DRREDDY,0.0
JIOFIN,ULTRACEMCO,0.10344827586206896
JIOFIN,TRENT,0.0
JIOFIN,CIPLA,0.0
JIOFIN,KOTAKBANK,0.0
JIOFIN,M&M,0.0
JIOFIN,RELIANCE,0.09090909090909091
JIOFIN,SHREECEM,0.0
JIOFIN,JINDALSTEL,0.13333333333333333
JIOFIN,TCS,0.0
JIOFIN,LICI,0.13333333333333333
JIOFIN,SBIN,0.07894736842105263
JIOFIN,LTIM,0.0
JIOFIN,BANKBARODA,0.10810810810810811
JIOFIN,TATAPOWER,0.10526315789473684
JIOFIN,TORNTPHARM,0.0
JIOFIN,BAJAJHLDNG,0.0
JIOFIN,ADANIGREEN,0.11538461538461539
JIOFIN,NAUKRI,0.0
JIOFIN,HINDZINC,0.0
JIOFIN,ETERNAL,0.0
JIOFIN,VEDL,0.12903225806451613
JIOFIN,TATACONSUM,0.0
JIOFIN,WIPRO,0.0
JIOFIN,BAJAJ-AUTO,0.0
JIOFIN,BPCL,0.1
JIOFIN,TECHM,0.0
JIOFIN,BOSCHLTD,0.0
JIOFIN,ADANIPOWER,0.125
JIOFIN,ABB,0.2222222222222222
JIOFIN,EICHERMOT,0.0
JIOFIN,INFY,0.0
JIOFIN,LT,0.10526315789473684
JIOFIN,PIDILITIND,0.0
JIOFIN,TATASTEEL,0.10526315789473684
JIOFIN,SIEMENS,0.13333333333333333
JIOFIN,ITC,0.0
JIOFIN,BHARTIARTL,0.0
JIOFIN,IOC,0.1
JIOFIN,HDFCBANK,0.0
JIOFIN,TVSMOTOR,0.0
JIOFIN,MOTHERSON,0.2222222222222222
JIOFIN,HCLTECH,0.0
JIOFIN,JSWSTEEL,0.08571428571428572
JIOFIN,NTPC,0.11428571428571428
JIOFIN,BRITANNIA,0.0
JIOFIN,ADANIENT,0.10810810810810811
JIOFIN,NESTLEIND,0.0
JIOFIN,TITAN,0.0
JIOFIN,GODREJCP,0.0
JIOFIN,ZYDUSLIFE,0.0
JIOFIN,JSWENERGY,0.17391304347826086
JIOFIN,GRASIM,0.08333333333333333
JIOFIN,IRFC,0.08333333333333333
JIOFIN,MAZDOCK,0.09090909090909091
JIOFIN,ICICIGI,0.0
TRENT,APOLLOHOSP,0.0
TRENT,HINDUNILVR,0.0
TRENT,DRREDDY,0.0
TRENT,ULTRACEMCO,0.0
TRENT,CIPLA,0.0
TRENT,KOTAKBANK,0.0
TRENT,M&M,0.0
TRENT,RELIANCE,0.0
TRENT,SHREECEM,0.0
TRENT,JINDALSTEL,0.0
TRENT,TCS,0.0
TRENT,LICI,0.0
TRENT,AMBUJACEM,0.0
TRENT,SBIN,0.0
TRENT,LTIM,0.0
TRENT,BANKBARODA,0.0
TRENT,TATAPOWER,0.0
TRENT,TORNTPHARM,0.0
TRENT,BAJAJHLDNG,0.0
TRENT,ADANIGREEN,0.0
TRENT,NAUKRI,0.0
TRENT,HINDZINC,0.0
TRENT,ETERNAL,0.0
TRENT,VEDL,0.0
TRENT,TATACONSUM,0.0
TRENT,WIPRO,0.0
TRENT,BAJAJ-AUTO,0.0
TRENT,BPCL,0.0
TRENT,TECHM,0.0
TRENT,BOSCHLTD,0.0
TRENT,ADANIPOWER,0.0
TRENT,ABB,0.0
TRENT,EICHERMOT,0.0
TRENT,INFY,0.0
TRENT,ADANIPORTS,0.0
TRENT,LT,0.0
TRENT,PIDILITIND,0.0
TRENT,TATASTEEL,0.0
TRENT,SIEMENS,0.0
TRENT,ITC,0.0
TRENT,BHARTIARTL,0.0
TRENT,IOC,0.0
TRENT,HDFCBANK,0.0
TRENT,TVSMOTOR,0.0
TRENT,MOTHERSON,0.0
TRENT,HCLTECH,0.0
TRENT,JSWSTEEL,0.0
TRENT,NTPC,0.0
TRENT,BRITANNIA,0.0
TRENT,ADANIENT,0.0
TRENT,NESTLEIND,0.0
TRENT,TITAN,0.0
TRENT,GODREJCP,0.0
TRENT,ZYDUSLIFE,0.0
TRENT,JSWENERGY,0.0
TRENT,GRASIM,0.0
TRENT,IRFC,0.0
TRENT,MAZDOCK,0.0
TRENT,ICICIGI,0.0
LICI,APOLLOHOSP,0.0
LICI,HINDUNILVR,0.0
LICI,DRREDDY,0.0
LICI,ULTRACEMCO,0.45
LICI,CIPLA,0.0
LICI,M&M,0.030303030303030304
LICI,KOTAKBANK,0.0
LICI,RELIANCE,0.6756756756756757
LICI,SHREECEM,0.0
LICI,TCS,0.0
LICI,LTIM,0.0
LICI,HINDZINC,0.03333333333333333
LICI,TORNTPHARM,0.0
LICI,NAUKRI,0.0
LICI,ETERNAL,0.0
LICI,TATACONSUM,0.0
LICI,WIPRO,0.0
LICI,BAJAJ-AUTO,0.0
LICI,TECHM,0.0
LICI,BOSCHLTD,0.0
LICI,ABB,0.5
LICI,EICHERMOT,0.0
LICI,INFY,0.0
LICI,PIDILITIND,0.0
LICI,SIEMENS,0.8181818181818182
LICI,GRASIM,0.11428571428571428
LICI,ITC,0.0
LICI,BHARTIARTL,0.0
LICI,HDFCBANK,0.030303030303030304
LICI,TVSMOTOR,0.0
LICI,MOTHERSON,0.23333333333333334
LICI,HCLTECH,0.0
LICI,JSWSTEEL,0.5609756097560976
LICI,BRITANNIA,0.0
LICI,NESTLEIND,0.0
LICI,ZYDUSLIFE,0.0
LICI,TITAN,0.0
LICI,GODREJCP,0.0
LICI,BAJAJHLDNG,0.0
LICI,ICICIGI,0.0
SBIN,APOLLOHOSP,0.0
SBIN,HINDUNILVR,0.0
SBIN,DRREDDY,0.0
SBIN,CIPLA,0.0
SBIN,M&M,0.07894736842105263
SBIN,KOTAKBANK,0.02702702702702703
SBIN,SHREECEM,0.05405405405405406
SBIN,TCS,0.0
SBIN,LTIM,0.0
SBIN,HINDZINC,0.02702702702702703
SBIN,TORNTPHARM,0.0
SBIN,NAUKRI,0.0
SBIN,ETERNAL,0.0
SBIN,TATACONSUM,0.0
SBIN,WIPRO,0.0
SBIN,BAJAJ-AUTO,0.0
SBIN,TECHM,0.0
SBIN,BOSCHLTD,0.0
SBIN,ABB,0.4473684210526316
SBIN,EICHERMOT,0.0
SBIN,INFY,0.0
SBIN,PIDILITIND,0.0
SBIN,ITC,0.0
SBIN,BHARTIARTL,0.0
SBIN,HDFCBANK,0.10810810810810811
SBIN,TVSMOTOR,0.0
SBIN,MOTHERSON,0.1891891891891892
SBIN,HCLTECH,0.0
SBIN,BRITANNIA,0.0
SBIN,NESTLEIND,0.0
SBIN,ZYDUSLIFE,0.0
SBIN,TITAN,0.0
SBIN,GODREJCP,0.0
SBIN,BAJAJHLDNG,0.0
SBIN,IRFC,0.24324324324324326
SBIN,MAZDOCK,0.21621621621621623
SBIN,ICICIGI,0.0
BANKBARODA,APOLLOHOSP,0.0
BANKBARODA,HINDUNILVR,0.0
BANKBARODA,DRREDDY,0.0
BANKBARODA,CIPLA,0.0
BANKBARODA,M&M,0.07894736842105263
BANKBARODA,KOTAKBANK,0.02702702702702703
BANKBARODA,SHREECEM,0.02631578947368421
BANKBARODA,TCS,0.0
BANKBARODA,LTIM,0.0
BANKBARODA,HINDZINC,0.02702702702702703
BANKBARODA,TORNTPHARM,0.0
BANKBARODA,NAUKRI,0.0
BANKBARODA,ETERNAL,0.0
BANKBARODA,TATACONSUM,0.0
BANKBARODA,WIPRO,0.0
BANKBARODA,BAJAJ-AUTO,0.0
BANKBARODA,TECHM,0.0
BANKBARODA,BOSCHLTD,0.0
BANKBARODA,EICHERMOT,0.0
BANKBARODA,INFY,0.0
BANKBARODA,PIDILITIND,0.0
BANKBARODA,GRASIM,0.15
BANKBARODA,ITC,0.0
BANKBARODA,BHARTIARTL,0.0
BANKBARODA,HDFCBANK,0.10810810810810811
BANKBARODA,TVSMOTOR,0.0
BANKBARODA,MOTHERSON,0.1891891891891892
BANKBARODA,HCLTECH,0.0
BANKBARODA,BRITANNIA,0.0
BANKBARODA,NESTLEIND,0.0
BANKBARODA,ZYDUSLIFE,0.0
BANKBARODA,TITAN,0.0
BANKBARODA,GODREJCP,0.0
BANKBARODA,BAJAJHLDNG,0.0
BANKBARODA,IRFC,0.24324324324324326
BANKBARODA,MAZDOCK,0.21621621621621623
BANKBARODA,ICICIGI,0.0
TATAPOWER,APOLLOHOSP,0.0
TATAPOWER,HINDUNILVR,0.0
TATAPOWER,DRREDDY,0.0
TATAPOWER,CIPLA,0.0
TATAPOWER,M&M,0.07692307692307693
TATAPOWER,KOTAKBANK,0.0
TATAPOWER,SHREECEM,0.02564102564102564
TATAPOWER,TCS,0.0
TATAPOWER,LTIM,0.0
TATAPOWER,HINDZINC,0.02631578947368421
TATAPOWER,TORNTPHARM,0.0
TATAPOWER,NAUKRI,0.0
TATAPOWER,ETERNAL,0.0
TATAPOWER,TATACONSUM,0.0
TATAPOWER,WIPRO,0.0
TATAPOWER,BAJAJ-AUTO,0.0
TATAPOWER,TECHM,0.0
TATAPOWER,BOSCHLTD,0.0
TATAPOWER,ABB,0.47368421052631576
TATAPOWER,EICHERMOT,0.0
TATAPOWER,INFY,0.0
TATAPOWER,PIDILITIND,0.0
TATAPOWER,GRASIM,0.175
TATAPOWER,ITC,0.0
TATAPOWER,BHARTIARTL,0.0
TATAPOWER,HDFCBANK,0.05
TATAPOWER,TVSMOTOR,0.0
TATAPOWER,HCLTECH,0.0
TATAPOWER,BRITANNIA,0.0
TATAPOWER,NESTLEIND,0.0
TATAPOWER,ZYDUSLIFE,0.0
TATAPOWER,TITAN,0.0
TATAPOWER,GODREJCP,0.0
TATAPOWER,BAJAJHLDNG,0.0
TATAPOWER,MAZDOCK,0.21052631578947367
TATAPOWER,ICICIGI,0.0
TORNTPHARM,APOLLOHOSP,0.0
TORNTPHARM,HINDUNILVR,0.0
TORNTPHARM,DRREDDY,0.0
TORNTPHARM,ULTRACEMCO,0.0
TORNTPHARM,CIPLA,0.0
TORNTPHARM,KOTAKBANK,0.0
TORNTPHARM,M&M,0.0
TORNTPHARM,RELIANCE,0.0
TORNTPHARM,SHREECEM,0.0
TORNTPHARM,JINDALSTEL,0.0
TORNTPHARM,TCS,0.0
TORNTPHARM,AMBUJACEM,0.0
TORNTPHARM,LTIM,0.0
TORNTPHARM,BAJAJHLDNG,0.0
TORNTPHARM,HINDZINC,0.0
TORNTPHARM,ADANIGREEN,0.0
TORNTPHARM,NAUKRI,0.0
TORNTPHARM,ETERNAL,0.0
TORNTPHARM,VEDL,0.0
TORNTPHARM,TATACONSUM,0.0
TORNTPHARM,WIPRO,0.0
TORNTPHARM,BAJAJ-AUTO,0.0
TORNTPHARM,BPCL,0.0
TORNTPHARM,TECHM,0.0
TORNTPHARM,BOSCHLTD,0.0
TORNTPHARM,ADANIPOWER,0.0
TORNTPHARM,ABB,0.0
TORNTPHARM,EICHERMOT,0.0
TORNTPHARM,INFY,0.0
TORNTPHARM,ADANIPORTS,0.0
TORNTPHARM,LT,0.0
TORNTPHARM,PIDILITIND,0.0
TORNTPHARM,TATASTEEL,0.0
TORNTPHARM,SIEMENS,0.0
TORNTPHARM,ITC,0.0
TORNTPHARM,BHARTIARTL,0.0
TORNTPHARM,IOC,0.0
TORNTPHARM,HDFCBANK,0.0
TORNTPHARM,TVSMOTOR,0.0
TORNTPHARM,MOTHERSON,0.0
TORNTPHARM,HCLTECH,0.0
TORNTPHARM,JSWSTEEL,0.0
TORNTPHARM,NTPC,0.0
TORNTPHARM,BRITANNIA,0.0
TORNTPHARM,ADANIENT,0.0
TORNTPHARM,NESTLEIND,0.0
TORNTPHARM,TITAN,0.0
TORNTPHARM,GODREJCP,0.0
TORNTPHARM,ZYDUSLIFE,0.0
TORNTPHARM,JSWENERGY,0.0
TORNTPHARM,GRASIM,0.0
TORNTPHARM,IRFC,0.0
TORNTPHARM,MAZDOCK,0.0
TORNTPHARM,ICICIGI,0.0
WIPRO,APOLLOHOSP,0.0
WIPRO,HINDUNILVR,0.0
WIPRO,DRREDDY,0.0
WIPRO,ULTRACEMCO,0.0
WIPRO,CIPLA,0.0
WIPRO,KOTAKBANK,0.0
WIPRO,M&M,0.0
WIPRO,RELIANCE,0.0
WIPRO,SHREECEM,0.0
WIPRO,JINDALSTEL,0.0
WIPRO,AMBUJACEM,0.0
WIPRO,BAJAJHLDNG,0.0
WIPRO,HINDZINC,0.0
WIPRO,ADANIGREEN,0.0
WIPRO,NAUKRI,0.2
WIPRO,ETERNAL,0.0
WIPRO,VEDL,0.0
WIPRO,TATACONSUM,0.0
WIPRO,BAJAJ-AUTO,0.0
WIPRO,BPCL,0.0
WIPRO,BOSCHLTD,0.0
WIPRO,ADANIPOWER,0.0
WIPRO,ABB,0.0
WIPRO,EICHERMOT,0.0
WIPRO,ADANIPORTS,0.0
WIPRO,LT,0.0
WIPRO,PIDILITIND,0.0
WIPRO,TATASTEEL,0.0
WIPRO,SIEMENS,0.0
WIPRO,ITC,0.0
WIPRO,BHARTIARTL,0.0
WIPRO,IOC,0.0
WIPRO,HDFCBANK,0.0
WIPRO,TVSMOTOR,0.0
WIPRO,MOTHERSON,0.0
WIPRO,JSWSTEEL,0.0
WIPRO,NTPC,0.0
WIPRO,BRITANNIA,0.0
WIPRO,ADANIENT,0.0
WIPRO,NESTLEIND,0.0
WIPRO,TITAN,0.0
WIPRO,GODREJCP,0.0
WIPRO,ZYDUSLIFE,0.0
WIPRO,JSWENERGY,0.0
WIPRO,GRASIM,0.0
WIPRO,IRFC,0.0
WIPRO,MAZDOCK,0.0
WIPRO,ICICIGI,0.0
ADANIPOWER,APOLLOHOSP,0.0
ADANIPOWER,HINDUNILVR,0.0
ADANIPOWER,DRREDDY,0.0
ADANIPOWER,ULTRACEMCO,0.5
ADANIPOWER,CIPLA,0.0
ADANIPOWER,M&M,0.0
ADANIPOWER,KOTAKBANK,0.0
ADANIPOWER,SHREECEM,0.0
ADANIPOWER,JINDALSTEL,0.6060606060606061
ADANIPOWER,TCS,0.0
ADANIPOWER,LTIM,0.0
ADANIPOWER,HINDZINC,0.0
ADANIPOWER,NAUKRI,0.0
ADANIPOWER,ETERNAL,0.0
ADANIPOWER,VEDL,0.5882352941176471
ADANIPOWER,TATACONSUM,0.0
ADANIPOWER,BAJAJ-AUTO,0.0
ADANIPOWER,BPCL,0.7333333333333333
ADANIPOWER,TECHM,0.0
ADANIPOWER,BOSCHLTD,0.0
ADANIPOWER,ABB,0.4642857142857143
ADANIPOWER,EICHERMOT,0.0
ADANIPOWER,INFY,0.0
ADANIPOWER,PIDILITIND,0.0
ADANIPOWER,TATASTEEL,0.525
ADANIPOWER,SIEMENS,0.6060606060606061
ADANIPOWER,GRASIM,0.10344827586206896
ADANIPOWER,ITC,0.0
ADANIPOWER,BHARTIARTL,0.0
ADANIPOWER,IOC,0.7333333333333333
ADANIPOWER,HDFCBANK,0.0
ADANIPOWER,TVSMOTOR,0.0
ADANIPOWER,MOTHERSON,0.2
ADANIPOWER,HCLTECH,0.0
ADANIPOWER,JSWSTEEL,0.5405405405405406
ADANIPOWER,BRITANNIA,0.0
ADANIPOWER,NESTLEIND,0.0
ADANIPOWER,ZYDUSLIFE,0.0
ADANIPOWER,TITAN,0.0
ADANIPOWER,GODREJCP,0.0
ADANIPOWER,JSWENERGY,0.6428571428571429
ADANIPOWER,BAJAJHLDNG,0.0
ADANIPOWER,IRFC,0.3333333333333333
ADANIPOWER,MAZDOCK,0.2916666666666667
ADANIPOWER,ICICIGI,0.0
INFY,APOLLOHOSP,0.0
INFY,HINDUNILVR,0.0
INFY,DRREDDY,0.0
INFY,ULTRACEMCO,0.0
INFY,CIPLA,0.0
INFY,KOTAKBANK,0.0
INFY,M&M,0.0
INFY,RELIANCE,0.0
INFY,SHREECEM,0.0
INFY,JINDALSTEL,0.0
INFY,AMBUJACEM,0.0
INFY,BAJAJHLDNG,0.0
INFY,HINDZINC,0.0
INFY,ADANIGREEN,0.0
INFY,ETERNAL,0.0
INFY,VEDL,0.0
INFY,TATACONSUM,0.0
INFY,BAJAJ-AUTO,0.0
INFY,BPCL,0.0
INFY,BOSCHLTD,0.0
INFY,ABB,0.0
INFY,EICHERMOT,0.0
INFY,ADANIPORTS,0.0
INFY,LT,0.0
INFY,PIDILITIND,0.0
INFY,TATASTEEL,0.0
INFY,SIEMENS,0.0
INFY,ITC,0.0
INFY,BHARTIARTL,0.0
INFY,IOC,0.0
INFY,HDFCBANK,0.0
INFY,TVSMOTOR,0.0
INFY,MOTHERSON,0.0
INFY,JSWSTEEL,0.0
INFY,NTPC,0.0
INFY,BRITANNIA,0.0
INFY,ADANIENT,0.0
INFY,NESTLEIND,0.0
INFY,TITAN,0.0
INFY,GODREJCP,0.0
INFY,ZYDUSLIFE,0.0
INFY,JSWENERGY,0.0
INFY,GRASIM,0.0
INFY,IRFC,0.0
INFY,MAZDOCK,0.0
INFY,ICICIGI,0.0
ITC,APOLLOHOSP,0.0
ITC,HINDUNILVR,0.0
ITC,DRREDDY,0.0
ITC,ULTRACEMCO,0.0
ITC,CIPLA,0.0
ITC,KOTAKBANK,0.0
ITC,M&M,0.0
ITC,RELIANCE,0.0
ITC,SHREECEM,0.0
ITC,JINDALSTEL,0.0
ITC,TCS,0.0
ITC,AMBUJACEM,0.0
ITC,LTIM,0.0
ITC,BAJAJHLDNG,0.0
ITC,HINDZINC,0.0
ITC,ADANIGREEN,0.0
ITC,NAUKRI,0.0
ITC,ETERNAL,0.0
ITC,VEDL,0.0
ITC,TATACONSUM,0.0
ITC,BAJAJ-AUTO,0.0
ITC,BPCL,0.0
ITC,TECHM,0.0
ITC,BOSCHLTD,0.0
ITC,ABB,0.0
ITC,EICHERMOT,0.0
ITC,ADANIPORTS,0.0
ITC,LT,0.0
ITC,PIDILITIND,0.0
ITC,TATASTEEL,0.0
ITC,SIEMENS,0.0
ITC,BHARTIARTL,0.0
ITC,IOC,0.0
ITC,HDFCBANK,0.0
ITC,TVSMOTOR,0.0
ITC,MOTHERSON,0.0
ITC,HCLTECH,0.0
ITC,JSWSTEEL,0.0
ITC,NTPC,0.0
ITC,BRITANNIA,0.0
ITC,ADANIENT,0.0
ITC,NESTLEIND,0.0
ITC,TITAN,0.0
ITC,GODREJCP,0.0
ITC,ZYDUSLIFE,0.0
ITC,JSWENERGY,0.0
ITC,GRASIM,0.0
ITC,IRFC,0.0
ITC,MAZDOCK,0.0
ITC,ICICIGI,0.0
MOTHERSON,APOLLOHOSP,0.0
MOTHERSON,HINDUNILVR,0.0
MOTHERSON,DRREDDY,0.0
MOTHERSON,ULTRACEMCO,0.16666666666666666
MOTHERSON,CIPLA,0.0
MOTHERSON,KOTAKBANK,0.0
MOTHERSON,M&M,0.1
MOTHERSON,RELIANCE,0.21875
MOTHERSON,SHREECEM,0.0
MOTHERSON,JINDALSTEL,0.23333333333333334
MOTHERSON,TCS,0.0
MOTHERSON,LTIM,0.0
MOTHERSON,BAJAJHLDNG,0.0
MOTHERSON,HINDZINC,0.14285714285714285
MOTHERSON,ADANIGREEN,0.18518518518518517
MOTHERSON,NAUKRI,0.0
MOTHERSON,ETERNAL,0.0
MOTHERSON,TATACONSUM,0.0
MOTHERSON,BAJAJ-AUTO,0.0
MOTHERSON,BPCL,0.2413793103448276
MOTHERSON,TECHM,0.0
MOTHERSON,BOSCHLTD,0.0
MOTHERSON,ABB,0.19047619047619047
MOTHERSON,EICHERMOT,0.0
MOTHERSON,ADANIPORTS,0.17073170731707318
MOTHERSON,LT,0.15384615384615385
MOTHERSON,PIDILITIND,0.0
MOTHERSON,SIEMENS,0.23333333333333334
MOTHERSON,BHARTIARTL,0.0
MOTHERSON,IOC,0.2413793103448276
MOTHERSON,HDFCBANK,0.1
MOTHERSON,TVSMOTOR,0.0
MOTHERSON,HCLTECH,0.0
MOTHERSON,NTPC,0.2
MOTHERSON,JSWSTEEL,0.20588235294117646
MOTHERSON,BRITANNIA,0.0
MOTHERSON,ADANIENT,0.1891891891891892
MOTHERSON,NESTLEIND,0.0
MOTHERSON,TITAN,0.0
MOTHERSON,GODREJCP,0.0
MOTHERSON,ZYDUSLIFE,0.0
MOTHERSON,JSWENERGY,0.2
MOTHERSON,GRASIM,0.14285714285714285
MOTHERSON,IRFC,0.23076923076923078
MOTHERSON,MAZDOCK,0.07142857142857142
MOTHERSON,ICICIGI,0.0
JSWSTEEL,APOLLOHOSP,0.0
JSWSTEEL,HINDUNILVR,0.0
JSWSTEEL,DRREDDY,0.0
JSWSTEEL,CIPLA,0.0
JSWSTEEL,KOTAKBANK,0.0
JSWSTEEL,SHREECEM,0.058823529411764705
JSWSTEEL,TCS,0.0
JSWSTEEL,LTIM,0.0
JSWSTEEL,HINDZINC,0.029411764705882353
JSWSTEEL,ADANIGREEN,0.5128205128205128
JSWSTEEL,NAUKRI,0.0
JSWSTEEL,ETERNAL,0.0
JSWSTEEL,TATACONSUM,0.0
JSWSTEEL,BAJAJ-AUTO,0.0
JSWSTEEL,TECHM,0.0
JSWSTEEL,BOSCHLTD,0.0
JSWSTEEL,EICHERMOT,0.0
JSWSTEEL,PIDILITIND,0.0
JSWSTEEL,SIEMENS,0.6410256410256411
JSWSTEEL,BHARTIARTL,0.0
JSWSTEEL,IOC,0.6578947368421053
JSWSTEEL,TVSMOTOR,0.0
JSWSTEEL,HCLTECH,0.0
JSWSTEEL,BRITANNIA,0.0
JSWSTEEL,NESTLEIND,0.0
JSWSTEEL,ZYDUSLIFE,0.0
JSWSTEEL,TITAN,0.0
JSWSTEEL,GODREJCP,0.0
JSWSTEEL,JSWENERGY,0.5405405405405406
JSWSTEEL,BAJAJHLDNG,0.0
JSWSTEEL,IRFC,0.19444444444444445
JSWSTEEL,MAZDOCK,0.16666666666666666
JSWSTEEL,ICICIGI,0.0
BRITANNIA,APOLLOHOSP,0.0
BRITANNIA,DRREDDY,0.0
BRITANNIA,ULTRACEMCO,0.0
BRITANNIA,CIPLA,0.0
BRITANNIA,KOTAKBANK,0.0
BRITANNIA,M&M,0.0
BRITANNIA,RELIANCE,0.0
BRITANNIA,SHREECEM,0.0
BRITANNIA,JINDALSTEL,0.0
BRITANNIA,TCS,0.0
BRITANNIA,AMBUJACEM,0.0
BRITANNIA,LTIM,0.0
BRITANNIA,BAJAJHLDNG,0.0
BRITANNIA,HINDZINC,0.0
BRITANNIA,ADANIGREEN,0.0
BRITANNIA,NAUKRI,0.0
BRITANNIA,ETERNAL,0.0
BRITANNIA,VEDL,0.0
BRITANNIA,TATACONSUM,0.0
BRITANNIA,BAJAJ-AUTO,0.0
BRITANNIA,BPCL,0.0
BRITANNIA,TECHM,0.0
BRITANNIA,BOSCHLTD,0.0
BRITANNIA,ABB,0.0
BRITANNIA,EICHERMOT,0.0
BRITANNIA,ADANIPORTS,0.0
BRITANNIA,LT,0.0
BRITANNIA,PIDILITIND,0.0
BRITANNIA,TATASTEEL,0.0
BRITANNIA,SIEMENS,0.0
BRITANNIA,BHARTIARTL,0.0
BRITANNIA,IOC,0.0
BRITANNIA,HDFCBANK,0.0
BRITANNIA,TVSMOTOR,0.0
BRITANNIA,HCLTECH,0.0
BRITANNIA,NTPC,0.0
BRITANNIA,ADANIENT,0.0
BRITANNIA,TITAN,0.0
BRITANNIA,GODREJCP,0.3333333333333333
BRITANNIA,ZYDUSLIFE,0.0
BRITANNIA,JSWENERGY,0.0
BRITANNIA,GRASIM,0.0
BRITANNIA,IRFC,0.0
BRITANNIA,MAZDOCK,0.0
BRITANNIA,ICICIGI,0.0
ADANIENT,APOLLOHOSP,0.0
ADANIENT,HINDUNILVR,0.0
ADANIENT,DRREDDY,0.0
ADANIENT,CIPLA,0.0
ADANIENT,M&M,0.07894736842105263
ADANIENT,KOTAKBANK,0.02702702702702703
ADANIENT,SHREECEM,0.05405405405405406
ADANIENT,TCS,0.0
ADANIENT,LTIM,0.0
ADANIENT,HINDZINC,0.02702702702702703
ADANIENT,NAUKRI,0.0
ADANIENT,ETERNAL,0.0
ADANIENT,TATACONSUM,0.0
ADANIENT,BAJAJ-AUTO,0.0
ADANIENT,TECHM,0.0
ADANIENT,BOSCHLTD,0.0
ADANIENT,EICHERMOT,0.0
ADANIENT,PIDILITIND,0.0
ADANIENT,BHARTIARTL,0.0
ADANIENT,HDFCBANK,0.07894736842105263
ADANIENT,TVSMOTOR,0.0
ADANIENT,HCLTECH,0.0
ADANIENT,NESTLEIND,0.0
ADANIENT,ZYDUSLIFE,0.0
ADANIENT,TITAN,0.0
ADANIENT,GODREJCP,0.0
ADANIENT,BAJAJHLDNG,0.0
ADANIENT,IRFC,0.24324324324324326
ADANIENT,MAZDOCK,0.21621621621621623
ADANIENT,ICICIGI,0.0
TITAN,APOLLOHOSP,0.0
TITAN,HINDUNILVR,0.0
TITAN,DRREDDY,0.0
TITAN,ULTRACEMCO,0.0
TITAN,CIPLA,0.0
TITAN,KOTAKBANK,0.0
TITAN,M&M,0.0
TITAN,RELIANCE,0.0
TITAN,SHREECEM,0.0
TITAN,JINDALSTEL,0.0
TITAN,TCS,0.0
TITAN,AMBUJACEM,0.0
TITAN,LTIM,0.0
TITAN,BAJAJHLDNG,0.0
TITAN,HINDZINC,0.0
TITAN,ADANIGREEN,0.0
TITAN,NAUKRI,0.0
TITAN,ETERNAL,0.0
TITAN,VEDL,0.0
TITAN,TATACONSUM,0.0
TITAN,BAJAJ-AUTO,0.0
TITAN,BPCL,0.0
TITAN,TECHM,0.0
TITAN,BOSCHLTD,0.0
TITAN,ABB,0.0
TITAN,EICHERMOT,0.0
TITAN,ADANIPORTS,0.0
TITAN,LT,0.0
TITAN,PIDILITIND,0.0
TITAN,TATASTEEL,0.0
TITAN,SIEMENS,0.0
TITAN,BHARTIARTL,0.0
TITAN,IOC,0.0
TITAN,HDFCBANK,0.0
TITAN,TVSMOTOR,0.0
TITAN,HCLTECH,0.0
TITAN,NTPC,0.0
TITAN,NESTLEIND,0.0
TITAN,ZYDUSLIFE,0.0
TITAN,GODREJCP,0.0
TITAN,JSWENERGY,0.0
TITAN,GRASIM,0.0
TITAN,IRFC,0.0
TITAN,MAZDOCK,0.0
TITAN,ICICIGI,0.0
GRASIM,APOLLOHOSP,0.0
GRASIM,HINDUNILVR,0.0
GRASIM,DRREDDY,0.0
GRASIM,CIPLA,0.0
GRASIM,KOTAKBANK,0.0
GRASIM,M&M,0.3
GRASIM,RELIANCE,0.20588235294117646
GRASIM,JINDALSTEL,0.18181818181818182
GRASIM,TCS,0.0
GRASIM,LTIM,0.0
GRASIM,HINDZINC,0.0
GRASIM,ADANIGREEN,0.0967741935483871
GRASIM,NAUKRI,0.0
GRASIM,ETERNAL,0.0
GRASIM,VEDL,0.17647058823529413
GRASIM,TATACONSUM,0.0
GRASIM,BAJAJ-AUTO,0.0
GRASIM,BPCL,0.1875
GRASIM,TECHM,0.0
GRASIM,BOSCHLTD,0.0
GRASIM,ABB,0.17391304347826086
GRASIM,EICHERMOT,0.0
GRASIM,ADANIPORTS,0.16279069767441862
GRASIM,LT,0.175
GRASIM,PIDILITIND,0.0
GRASIM,SIEMENS,0.11428571428571428
GRASIM,BHARTIARTL,0.0
GRASIM,IOC,0.15151515151515152
GRASIM,HDFCBANK,0.18181818181818182
GRASIM,TVSMOTOR,0.0
GRASIM,HCLTECH,0.0
GRASIM,NTPC,0.15789473684210525
GRASIM,NESTLEIND,0.0
GRASIM,ZYDUSLIFE,0.0
GRASIM,GODREJCP,0.0
GRASIM,JSWENERGY,0.10344827586206896
GRASIM,BAJAJHLDNG,0.0
GRASIM,IRFC,0.058823529411764705
GRASIM,MAZDOCK,0.0625
GRASIM,ICICIGI,0.0
BAJAJHLDNG,APOLLOHOSP,0.0
BAJAJHLDNG,HINDUNILVR,0.0
BAJAJHLDNG,DRREDDY,0.0
BAJAJHLDNG,ULTRACEMCO,0.0
BAJAJHLDNG,CIPLA,0.0
BAJAJHLDNG,KOTAKBANK,0.0
BAJAJHLDNG,M&M,0.0
BAJAJHLDNG,RELIANCE,0.0
BAJAJHLDNG,SHREECEM,0.0
BAJAJHLDNG,JINDALSTEL,0.0
BAJAJHLDNG,TCS,0.0
BAJAJHLDNG,AMBUJACEM,0.0
BAJAJHLDNG,LTIM,0.0
BAJAJHLDNG,HINDZINC,0.0
BAJAJHLDNG,ADANIGREEN,0.0
BAJAJHLDNG,NAUKRI,0.0
BAJAJHLDNG,ETERNAL,0.0
BAJAJHLDNG,VEDL,0.0
BAJAJHLDNG,TATACONSUM,0.0
BAJAJHLDNG,BAJAJ-AUTO,0.0
BAJAJHLDNG,BPCL,0.0
BAJAJHLDNG,TECHM,0.0
BAJAJHLDNG,BOSCHLTD,0.0
BAJAJHLDNG,ABB,0.0
BAJAJHLDNG,EICHERMOT,0.0
BAJAJHLDNG,ADANIPORTS,0.0
BAJAJHLDNG,LT,0.0
BAJAJHLDNG,PIDILITIND,0.0
BAJAJHLDNG,TATASTEEL,0.0
BAJAJHLDNG,SIEMENS,0.0
BAJAJHLDNG,BHARTIARTL,0.0
BAJAJHLDNG,IOC,0.0
BAJAJHLDNG,HDFCBANK,0.0
BAJAJHLDNG,TVSMOTOR,0.0
BAJAJHLDNG,HCLTECH,0.0
BAJAJHLDNG,NTPC,0.0
BAJAJHLDNG,NESTLEIND,0.0
BAJAJHLDNG,ZYDUSLIFE,0.0
BAJAJHLDNG,GODREJCP,0.0
BAJAJHLDNG,JSWENERGY,0.0
BAJAJHLDNG,IRFC,0.0
BAJAJHLDNG,MAZDOCK,0.0
BAJAJHLDNG,ICICIGI,0.0
MAZDOCK,APOLLOHOSP,0.0
MAZDOCK,HINDUNILVR,0.0
MAZDOCK,DRREDDY,0.0
MAZDOCK,ULTRACEMCO,0.16129032258064516
MAZDOCK,CIPLA,0.0
MAZDOCK,KOTAKBANK,0.0
MAZDOCK,M&M,0.0
MAZDOCK,RELIANCE,0.21212121212121213
MAZDOCK,SHREECEM,0.0
MAZDOCK,JINDALSTEL,0.26666666666666666
MAZDOCK,TCS,0.0
MAZDOCK,LTIM,0.0
MAZDOCK,HINDZINC,0.0
MAZDOCK,ADANIGREEN,0.2222222222222222
MAZDOCK,NAUKRI,0.0
MAZDOCK,ETERNAL,0.0
MAZDOCK,VEDL,0.25806451612903225
MAZDOCK,TATACONSUM,0.0
MAZDOCK,BAJAJ-AUTO,0.0
MAZDOCK,BPCL,0.27586206896551724
MAZDOCK,TECHM,0.0
MAZDOCK,BOSCHLTD,0.0
MAZDOCK,ABB,0.3684210526315789
MAZDOCK,EICHERMOT,0.0
MAZDOCK,ADANIPORTS,0.1951219512195122
MAZDOCK,LT,0.21052631578947367
MAZDOCK,PIDILITIND,0.0
MAZDOCK,TATASTEEL,0.21052631578947367
MAZDOCK,BHARTIARTL,0.0
MAZDOCK,IOC,0.27586206896551724
MAZDOCK,HDFCBANK,0.0
MAZDOCK,TVSMOTOR,0.0
MAZDOCK,HCLTECH,0.0
MAZDOCK,NTPC,0.22857142857142856
MAZDOCK,NESTLEIND,0.0
MAZDOCK,ZYDUSLIFE,0.0
MAZDOCK,GODREJCP,0.0
MAZDOCK,JSWENERGY,0.34782608695652173
MAZDOCK,IRFC,0.5454545454545454
MAZDOCK,ICICIGI,0.0
HINDUNILVR,APOLLOHOSP,0.0
HINDUNILVR,DRREDDY,0.0
HINDUNILVR,ULTRACEMCO,0.0
HINDUNILVR,CIPLA,0.0
HINDUNILVR,KOTAKBANK,0.0
HINDUNILVR,M&M,0.0
HINDUNILVR,RELIANCE,0.0
HINDUNILVR,SHREECEM,0.0
HINDUNILVR,JINDALSTEL,0.0
HINDUNILVR,TCS,0.0
HINDUNILVR,AMBUJACEM,0.0
HINDUNILVR,LTIM,0.0
HINDUNILVR,HINDZINC,0.0
HINDUNILVR,ADANIGREEN,0.0
HINDUNILVR,NAUKRI,0.0
HINDUNILVR,ETERNAL,0.0
HINDUNILVR,VEDL,0.0
HINDUNILVR,TATACONSUM,0.3333333333333333
HINDUNILVR,BAJAJ-AUTO,0.0
HINDUNILVR,BPCL,0.0
HINDUNILVR,TECHM,0.0
HINDUNILVR,BOSCHLTD,0.0
HINDUNILVR,ABB,0.0
HINDUNILVR,EICHERMOT,0.0
HINDUNILVR,ADANIPORTS,0.0
HINDUNILVR,LT,0.0
HINDUNILVR,PIDILITIND,0.0
HINDUNILVR,TATASTEEL,0.0
HINDUNILVR,SIEMENS,0.0
HINDUNILVR,BHARTIARTL,0.0
HINDUNILVR,IOC,0.0
HINDUNILVR,HDFCBANK,0.0
HINDUNILVR,TVSMOTOR,0.0
HINDUNILVR,HCLTECH,0.0
HINDUNILVR,NTPC,0.0
HINDUNILVR,ZYDUSLIFE,0.0
HINDUNILVR,JSWENERGY,0.0
HINDUNILVR,IRFC,0.0
HINDUNILVR,ICICIGI,0.0
ULTRACEMCO,APOLLOHOSP,0.0
ULTRACEMCO,DRREDDY,0.0
ULTRACEMCO,CIPLA,0.0
ULTRACEMCO,KOTAKBANK,0.03571428571428571
ULTRACEMCO,JINDALSTEL,0.48717948717948717
ULTRACEMCO,TCS,0.0
ULTRACEMCO,LTIM,0.0
ULTRACEMCO,HINDZINC,0.0
ULTRACEMCO,ADANIGREEN,0.5142857142857142
ULTRACEMCO,NAUKRI,0.0
ULTRACEMCO,ETERNAL,0.0
ULTRACEMCO,VEDL,0.475
ULTRACEMCO,TATACONSUM,0.0
ULTRACEMCO,BAJAJ-AUTO,0.0
ULTRACEMCO,TECHM,0.0
ULTRACEMCO,BOSCHLTD,0.0
ULTRACEMCO,ABB,0.3939393939393939
ULTRACEMCO,EICHERMOT,0.0
ULTRACEMCO,PIDILITIND,0.0
ULTRACEMCO,SIEMENS,0.48717948717948717
ULTRACEMCO,BHARTIARTL,0.0
ULTRACEMCO,IOC,0.5
ULTRACEMCO,HDFCBANK,0.14285714285714285
ULTRACEMCO,TVSMOTOR,0.0
ULTRACEMCO,HCLTECH,0.0
ULTRACEMCO,NESTLEIND,0.0
ULTRACEMCO,ZYDUSLIFE,0.0
ULTRACEMCO,GODREJCP,0.0
ULTRACEMCO,JSWENERGY,0.45714285714285713
ULTRACEMCO,IRFC,0.1935483870967742
ULTRACEMCO,ICICIGI,0.0
KOTAKBANK,APOLLOHOSP,0.0
KOTAKBANK,DRREDDY,0.0
KOTAKBANK,CIPLA,0.0
KOTAKBANK,M&M,0.0
KOTAKBANK,RELIANCE,0.0
KOTAKBANK,SHREECEM,0.0
KOTAKBANK,JINDALSTEL,0.0
KOTAKBANK,TCS,0.0
KOTAKBANK,AMBUJACEM,0.023255813953488372
KOTAKBANK,LTIM,0.0
KOTAKBANK,HINDZINC,0.0
KOTAKBANK,ADANIGREEN,0.04
KOTAKBANK,NAUKRI,0.0
KOTAKBANK,ETERNAL,0.0
KOTAKBANK,VEDL,0.0
KOTAKBANK,TATACONSUM,0.0
KOTAKBANK,BAJAJ-AUTO,0.0
KOTAKBANK,BPCL,0.0
KOTAKBANK,TECHM,0.0
KOTAKBANK,BOSCHLTD,0.0
KOTAKBANK,ABB,0.0
KOTAKBANK,EICHERMOT,0.0
KOTAKBANK,ADANIPORTS,0.024390243902439025
KOTAKBANK,LT,0.02631578947368421
KOTAKBANK,PIDILITIND,0.0
KOTAKBANK,TATASTEEL,0.0
KOTAKBANK,SIEMENS,0.0
KOTAKBANK,BHARTIARTL,0.0
KOTAKBANK,IOC,0.0
KOTAKBANK,HDFCBANK,0.25
KOTAKBANK,TVSMOTOR,0.0
KOTAKBANK,HCLTECH,0.0
KOTAKBANK,NTPC,0.0
KOTAKBANK,NESTLEIND,0.0
KOTAKBANK,ZYDUSLIFE,0.0
KOTAKBANK,GODREJCP,0.0
KOTAKBANK,JSWENERGY,0.0
KOTAKBANK,IRFC,0.0
KOTAKBANK,ICICIGI,0.0
M&M,APOLLOHOSP,0.0
M&M,DRREDDY,0.0
M&M,CIPLA,0.0
M&M,RELIANCE,0.09090909090909091
M&M,SHREECEM,0.2
M&M,JINDALSTEL,0.0625
M&M,TCS,0.0
M&M,AMBUJACEM,0.06818181818181818
M&M,LTIM,0.0
M&M,HINDZINC,0.0
M&M,ADANIGREEN,0.0
M&M,NAUKRI,0.0
M&M,ETERNAL,0.0
M&M,VEDL,0.06060606060606061
M&M,TATACONSUM,0.0
M&M,BAJAJ-AUTO,0.0
M&M,BPCL,0.1
M&M,TECHM,0.0
M&M,BOSCHLTD,0.0
M&M,ABB,0.1
M&M,EICHERMOT,0.25
M&M,ADANIPORTS,0.07142857142857142
M&M,LT,0.07692307692307693
M&M,PIDILITIND,0.0
M&M,SIEMENS,0.030303030303030304
M&M,BHARTIARTL,0.0
M&M,IOC,0.03125
M&M,HDFCBANK,0.3333333333333333
M&M,TVSMOTOR,0.25
M&M,HCLTECH,0.0
M&M,NTPC,0.08333333333333333
M&M,NESTLEIND,0.0
M&M,ZYDUSLIFE,0.0
M&M,GODREJCP,0.0
M&M,JSWENERGY,0.0
M&M,IRFC,0.0
M&M,ICICIGI,0.0
JINDALSTEL,APOLLOHOSP,0.0
JINDALSTEL,DRREDDY,0.0
JINDALSTEL,RELIANCE,0.6756756756756757
JINDALSTEL,CIPLA,0.0
JINDALSTEL,SHREECEM,0.0
JINDALSTEL,TCS,0.0
JINDALSTEL,LTIM,0.0
JINDALSTEL,HINDZINC,0.03333333333333333
JINDALSTEL,ADANIGREEN,0.6176470588235294
JINDALSTEL,NAUKRI,0.0
JINDALSTEL,ETERNAL,0.0
JINDALSTEL,TATACONSUM,0.0
JINDALSTEL,BAJAJ-AUTO,0.0
JINDALSTEL,TECHM,0.0
JINDALSTEL,BOSCHLTD,0.0
JINDALSTEL,EICHERMOT,0.0
JINDALSTEL,PIDILITIND,0.0
JINDALSTEL,BHARTIARTL,0.0
JINDALSTEL,HDFCBANK,0.0625
JINDALSTEL,TVSMOTOR,0.0
JINDALSTEL,HCLTECH,0.0
JINDALSTEL,NESTLEIND,0.0
JINDALSTEL,ZYDUSLIFE,0.0
JINDALSTEL,GODREJCP,0.0
JINDALSTEL,IRFC,0.3
JINDALSTEL,ICICIGI,0.0
ADANIGREEN,APOLLOHOSP,0.0
ADANIGREEN,DRREDDY,0.0
ADANIGREEN,CIPLA,0.0
ADANIGREEN,SHREECEM,0.0
ADANIGREEN,TCS,0.0
ADANIGREEN,LTIM,0.0
ADANIGREEN,HINDZINC,0.0
ADANIGREEN,NAUKRI,0.0
ADANIGREEN,ETERNAL,0.0
ADANIGREEN,VEDL,0.6
ADANIGREEN,TATACONSUM,0.0
ADANIGREEN,BAJAJ-AUTO,0.0
ADANIGREEN,TECHM,0.0
ADANIGREEN,BOSCHLTD,0.0
ADANIGREEN,ABB,0.3870967741935484
ADANIGREEN,EICHERMOT,0.0
ADANIGREEN,TATASTEEL,0.5365853658536586
ADANIGREEN,PIDILITIND,0.0
ADANIGREEN,SIEMENS,0.6176470588235294
ADANIGREEN,BHARTIARTL,0.0
ADANIGREEN,HDFCBANK,0.03571428571428571
ADANIGREEN,TVSMOTOR,0.0
ADANIGREEN,HCLTECH,0.0
ADANIGREEN,NESTLEIND,0.0
ADANIGREEN,ZYDUSLIFE,0.0
ADANIGREEN,GODREJCP,0.0
ADANIGREEN,JSWENERGY,0.5483870967741935
ADANIGREEN,IRFC,0.36
ADANIGREEN,ICICIGI,0.0
NAUKRI,APOLLOHOSP,0.0
NAUKRI,DRREDDY,0.0
NAUKRI,CIPLA,0.0
NAUKRI,RELIANCE,0.0
NAUKRI,SHREECEM,0.0
NAUKRI,TCS,0.2
NAUKRI,AMBUJACEM,0.0
NAUKRI,LTIM,0.2
NAUKRI,HINDZINC,0.0
NAUKRI,ETERNAL,0.0
NAUKRI,VEDL,0.0
NAUKRI,TATACONSUM,0.0
NAUKRI,BAJAJ-AUTO,0.0
NAUKRI,BPCL,0.0
NAUKRI,TECHM,0.2
NAUKRI,BOSCHLTD,0.0
NAUKRI,ABB,0.0
NAUKRI,EICHERMOT,0.0
NAUKRI,ADANIPORTS,0.0
NAUKRI,LT,0.0
NAUKRI,PIDILITIND,0.0
NAUKRI,TATASTEEL,0.0
NAUKRI,SIEMENS,0.0
NAUKRI,BHARTIARTL,0.0
NAUKRI,IOC,0.0
NAUKRI,HDFCBANK,0.0
NAUKRI,TVSMOTOR,0.0
NAUKRI,HCLTECH,0.2
NAUKRI,NTPC,0.0
NAUKRI,NESTLEIND,0.0
NAUKRI,ZYDUSLIFE,0.0
NAUKRI,GODREJCP,0.0
NAUKRI,JSWENERGY,0.0
NAUKRI,IRFC,0.0
NAUKRI,ICICIGI,0.0
ETERNAL,APOLLOHOSP,0.0
ETERNAL,DRREDDY,0.0
ETERNAL,CIPLA,0.0
ETERNAL,RELIANCE,0.0
ETERNAL,SHREECEM,0.0
ETERNAL,TCS,0.0
ETERNAL,AMBUJACEM,0.0
ETERNAL,LTIM,0.0
ETERNAL,HINDZINC,0.0
ETERNAL,TATACONSUM,0.0
ETERNAL,VEDL,0.0
ETERNAL,BAJAJ-AUTO,0.0
ETERNAL,BPCL,0.0
ETERNAL,TECHM,0.0
ETERNAL,BOSCHLTD,0.0
ETERNAL,ABB,0.0
ETERNAL,EICHERMOT,0.0
ETERNAL,ADANIPORTS,0.0
ETERNAL,LT,0.0
ETERNAL,PIDILITIND,0.0
ETERNAL,TATASTEEL,0.0
ETERNAL,SIEMENS,0.0
ETERNAL,BHARTIARTL,0.0
ETERNAL,IOC,0.0
ETERNAL,HDFCBANK,0.0
ETERNAL,TVSMOTOR,0.0
ETERNAL,HCLTECH,0.0
ETERNAL,NTPC,0.0
ETERNAL,NESTLEIND,0.0
ETERNAL,ZYDUSLIFE,0.0
ETERNAL,GODREJCP,0.0
ETERNAL,JSWENERGY,0.0
ETERNAL,IRFC,0.0
ETERNAL,ICICIGI,0.0
VEDL,APOLLOHOSP,0.0
VEDL,DRREDDY,0.0
VEDL,CIPLA,0.0
VEDL,SHREECEM,0.0
VEDL,TCS,0.0
VEDL,LTIM,0.0
VEDL,TATACONSUM,0.0
VEDL,BAJAJ-AUTO,0.0
VEDL,TECHM,0.0
VEDL,BOSCHLTD,0.0
VEDL,ABB,0.53125
VEDL,EICHERMOT,0.0
VEDL,LT,0.6829268292682927
VEDL,PIDILITIND,0.0
VEDL,BHARTIARTL,0.0
VEDL,HDFCBANK,0.06060606060606061
VEDL,TVSMOTOR,0.0
VEDL,HCLTECH,0.0
VEDL,NESTLEIND,0.0
VEDL,ZYDUSLIFE,0.0
VEDL,GODREJCP,0.0
VEDL,IRFC,0.2903225806451613
VEDL,ICICIGI,0.0
TECHM,APOLLOHOSP,0.0
TECHM,DRREDDY,0.0
TECHM,CIPLA,0.0
TECHM,RELIANCE,0.0
TECHM,SHREECEM,0.0
TECHM,AMBUJACEM,0.0
TECHM,HINDZINC,0.0
TECHM,TATACONSUM,0.0
TECHM,BAJAJ-AUTO,0.0
TECHM,BPCL,0.0
TECHM,BOSCHLTD,0.0
TECHM,ABB,0.0
TECHM,EICHERMOT,0.0
TECHM,ADANIPORTS,0.0
TECHM,LT,0.0
TECHM,PIDILITIND,0.0
TECHM,TATASTEEL,0.0
TECHM,SIEMENS,0.0
TECHM,BHARTIARTL,0.0
TECHM,IOC,0.0
TECHM,HDFCBANK,0.0
TECHM,TVSMOTOR,0.0
TECHM,NTPC,0.0
TECHM,NESTLEIND,0.0
TECHM,ZYDUSLIFE,0.0
TECHM,GODREJCP,0.0
TECHM,JSWENERGY,0.0
TECHM,IRFC,0.0
TECHM,ICICIGI,0.0
BOSCHLTD,BAJAJ-AUTO,0.0
BOSCHLTD,BPCL,0.0
BOSCHLTD,APOLLOHOSP,0.0
BOSCHLTD,ABB,0.0
BOSCHLTD,EICHERMOT,0.0
BOSCHLTD,ADANIPORTS,0.0
BOSCHLTD,DRREDDY,0.0
BOSCHLTD,LT,0.0
BOSCHLTD,PIDILITIND,0.0
BOSCHLTD,TATASTEEL,0.0
BOSCHLTD,SIEMENS,0.0
BOSCHLTD,CIPLA,0.0
BOSCHLTD,RELIANCE,0.0
BOSCHLTD,SHREECEM,0.0
BOSCHLTD,BHARTIARTL,0.0
BOSCHLTD,TCS,0.0
BOSCHLTD,IOC,0.0
BOSCHLTD,HDFCBANK,0.0
BOSCHLTD,TVSMOTOR,0.0
BOSCHLTD,AMBUJACEM,0.0
BOSCHLTD,HCLTECH,0.0
BOSCHLTD,NTPC,0.0
BOSCHLTD,LTIM,0.0
BOSCHLTD,HINDZINC,0.0
BOSCHLTD,NESTLEIND,0.0
BOSCHLTD,ZYDUSLIFE,0.0
BOSCHLTD,GODREJCP,0.0
BOSCHLTD,JSWENERGY,0.0
BOSCHLTD,TATACONSUM,0.0
BOSCHLTD,IRFC,0.0
BOSCHLTD,ICICIGI,0.0
ADANIPORTS,APOLLOHOSP,0.0
ADANIPORTS,DRREDDY,0.0
ADANIPORTS,CIPLA,0.0
ADANIPORTS,SHREECEM,0.023809523809523808
ADANIPORTS,TCS,0.0
ADANIPORTS,LTIM,0.0
ADANIPORTS,HINDZINC,0.024390243902439025
ADANIPORTS,TATACONSUM,0.0
ADANIPORTS,BAJAJ-AUTO,0.0
ADANIPORTS,EICHERMOT,0.0
ADANIPORTS,PIDILITIND,0.0
ADANIPORTS,BHARTIARTL,0.0
ADANIPORTS,HDFCBANK,0.0975609756097561
ADANIPORTS,TVSMOTOR,0.0
ADANIPORTS,HCLTECH,0.0
ADANIPORTS,NESTLEIND,0.0
ADANIPORTS,ZYDUSLIFE,0.0
ADANIPORTS,GODREJCP,0.0
ADANIPORTS,IRFC,0.21951219512195122
ADANIPORTS,ICICIGI,0.0
PIDILITIND,BAJAJ-AUTO,0.0
PIDILITIND,BPCL,0.0
PIDILITIND,APOLLOHOSP,0.0
PIDILITIND,ABB,0.0
PIDILITIND,EICHERMOT,0.0
PIDILITIND,DRREDDY,0.0
PIDILITIND,LT,0.0
PIDILITIND,TATASTEEL,0.0
PIDILITIND,SIEMENS,0.0
PIDILITIND,CIPLA,0.0
PIDILITIND,RELIANCE,0.0
PIDILITIND,SHREECEM,0.0
PIDILITIND,BHARTIARTL,0.0
PIDILITIND,TCS,0.0
PIDILITIND,IOC,0.0
PIDILITIND,HDFCBANK,0.0
PIDILITIND,TVSMOTOR,0.0
PIDILITIND,AMBUJACEM,0.0
PIDILITIND,HCLTECH,0.0
PIDILITIND,NTPC,0.0
PIDILITIND,LTIM,0.0
PIDILITIND,HINDZINC,0.0
PIDILITIND,NESTLEIND,0.0
PIDILITIND,ZYDUSLIFE,0.0
PIDILITIND,GODREJCP,0.0
PIDILITIND,JSWENERGY,0.0
PIDILITIND,TATACONSUM,0.0
PIDILITIND,IRFC,0.0
PIDILITIND,ICICIGI,0.0
BHARTIARTL,BAJAJ-AUTO,0.0
BHARTIARTL,BPCL,0.0
BHARTIARTL,APOLLOHOSP,0.0
BHARTIARTL,ABB,0.0
BHARTIARTL,EICHERMOT,0.0
BHARTIARTL,DRREDDY,0.0
BHARTIARTL,LT,0.0
BHARTIARTL,TATASTEEL,0.0
BHARTIARTL,SIEMENS,0.0
BHARTIARTL,CIPLA,0.0
BHARTIARTL,RELIANCE,0.0
BHARTIARTL,SHREECEM,0.0
BHARTIARTL,TCS,0.0
BHARTIARTL,IOC,0.0
BHARTIARTL,HDFCBANK,0.0
BHARTIARTL,TVSMOTOR,0.0
BHARTIARTL,AMBUJACEM,0.0
BHARTIARTL,HCLTECH,0.0
BHARTIARTL,NTPC,0.0
BHARTIARTL,LTIM,0.0
BHARTIARTL,HINDZINC,0.0
BHARTIARTL,NESTLEIND,0.0
BHARTIARTL,ZYDUSLIFE,0.0
BHARTIARTL,GODREJCP,0.0
BHARTIARTL,JSWENERGY,0.0
BHARTIARTL,TATACONSUM,0.0
BHARTIARTL,IRFC,0.0
BHARTIARTL,ICICIGI,0.0
HDFCBANK,BAJAJ-AUTO,0.0
HDFCBANK,BPCL,0.06451612903225806
HDFCBANK,APOLLOHOSP,0.0
HDFCBANK,ABB,0.1
HDFCBANK,EICHERMOT,0.0
HDFCBANK,DRREDDY,0.0
HDFCBANK,LT,0.10526315789473684
HDFCBANK,SIEMENS,0.030303030303030304
HDFCBANK,CIPLA,0.0
HDFCBANK,RELIANCE,0.09090909090909091
HDFCBANK,SHREECEM,0.0
HDFCBANK,TCS,0.0
HDFCBANK,IOC,0.03125
HDFCBANK,NTPC,0.08333333333333333
HDFCBANK,TVSMOTOR,0.0
HDFCBANK,AMBUJACEM,0.06818181818181818
HDFCBANK,HCLTECH,0.0
HDFCBANK,LTIM,0.0
HDFCBANK,HINDZINC,0.0
HDFCBANK,NESTLEIND,0.0
HDFCBANK,ZYDUSLIFE,0.0
HDFCBANK,GODREJCP,0.0
HDFCBANK,JSWENERGY,0.0
HDFCBANK,TATACONSUM,0.0
HDFCBANK,IRFC,0.0
HDFCBANK,ICICIGI,0.0
TVSMOTOR,BAJAJ-AUTO,0.0
TVSMOTOR,BPCL,0.0
TVSMOTOR,APOLLOHOSP,0.0
TVSMOTOR,ABB,0.0
TVSMOTOR,EICHERMOT,1.0
TVSMOTOR,DRREDDY,0.0
TVSMOTOR,LT,0.0
TVSMOTOR,TATASTEEL,0.02631578947368421
TVSMOTOR,SIEMENS,0.0
TVSMOTOR,CIPLA,0.0
TVSMOTOR,RELIANCE,0.0
TVSMOTOR,SHREECEM,0.0
TVSMOTOR,TCS,0.0
TVSMOTOR,IOC,0.0
TVSMOTOR,NTPC,0.0
TVSMOTOR,AMBUJACEM,0.0
TVSMOTOR,HCLTECH,0.0
TVSMOTOR,LTIM,0.0
TVSMOTOR,HINDZINC,0.0
TVSMOTOR,NESTLEIND,0.0
TVSMOTOR,ZYDUSLIFE,0.0
TVSMOTOR,GODREJCP,0.0
TVSMOTOR,JSWENERGY,0.0
TVSMOTOR,TATACONSUM,0.0
TVSMOTOR,IRFC,0.0
TVSMOTOR,ICICIGI,0.0
GODREJCP,BAJAJ-AUTO,0.0
GODREJCP,BPCL,0.0
GODREJCP,APOLLOHOSP,0.0
GODREJCP,ABB,0.0
GODREJCP,EICHERMOT,0.0
GODREJCP,DRREDDY,0.0
GODREJCP,LT,0.0
GODREJCP,TATASTEEL,0.0
GODREJCP,SIEMENS,0.0
GODREJCP,CIPLA,0.0
GODREJCP,RELIANCE,0.0
GODREJCP,SHREECEM,0.0
GODREJCP,TCS,0.0
GODREJCP,IOC,0.0
GODREJCP,NTPC,0.0
GODREJCP,AMBUJACEM,0.0
GODREJCP,HCLTECH,0.0
GODREJCP,LTIM,0.0
GODREJCP,HINDZINC,0.0
GODREJCP,NESTLEIND,0.3333333333333333
GODREJCP,ZYDUSLIFE,0.0
GODREJCP,JSWENERGY,0.0
GODREJCP,IRFC,0.0
GODREJCP,ICICIGI,0.0
JSWENERGY,APOLLOHOSP,0.0
JSWENERGY,DRREDDY,0.0
JSWENERGY,RELIANCE,0.5714285714285714
JSWENERGY,CIPLA,0.0
JSWENERGY,SHREECEM,0.0
JSWENERGY,TCS,0.0
JSWENERGY,LTIM,0.0
JSWENERGY,HINDZINC,0.043478260869565216
JSWENERGY,TATACONSUM,0.0
JSWENERGY,BAJAJ-AUTO,0.0
JSWENERGY,ABB,0.5769230769230769
JSWENERGY,EICHERMOT,0.0
JSWENERGY,TATASTEEL,0.6052631578947368
JSWENERGY,IOC,0.6774193548387096
JSWENERGY,HCLTECH,0.0
JSWENERGY,NESTLEIND,0.0
JSWENERGY,ZYDUSLIFE,0.0
JSWENERGY,BPCL,0.6774193548387096
JSWENERGY,IRFC,0.3333333333333333
JSWENERGY,ICICIGI,0.0
BPCL,BAJAJ-AUTO,0.0
BPCL,APOLLOHOSP,0.0
BPCL,TCS,0.0
BPCL,HCLTECH,0.0
BPCL,ABB,0.5666666666666667
BPCL,EICHERMOT,0.0
BPCL,DRREDDY,0.0
BPCL,LTIM,0.0
BPCL,HINDZINC,0.034482758620689655
BPCL,NESTLEIND,0.0
BPCL,ZYDUSLIFE,0.0
BPCL,CIPLA,0.0
BPCL,TATACONSUM,0.0
BPCL,IRFC,0.3103448275862069
BPCL,SHREECEM,0.03333333333333333
BPCL,ICICIGI,0.0
IRFC,APOLLOHOSP,0.0
IRFC,DRREDDY,0.0
IRFC,RELIANCE,0.24242424242424243
IRFC,CIPLA,0.0
IRFC,SHREECEM,0.0
IRFC,TCS,0.0
IRFC,LTIM,0.0
IRFC,HINDZINC,0.0
IRFC,TATACONSUM,0.0
IRFC,BAJAJ-AUTO,0.0
IRFC,ABB,0.22727272727272727
IRFC,EICHERMOT,0.0
IRFC,LT,0.23684210526315788
IRFC,SIEMENS,0.25806451612903225
IRFC,TATASTEEL,0.23684210526315788
IRFC,HCLTECH,0.0
IRFC,NESTLEIND,0.0
IRFC,ZYDUSLIFE,0.0
IRFC,NTPC,0.2571428571428571
IRFC,ICICIGI,0.0
ICICIGI,BAJAJ-AUTO,0.0
ICICIGI,APOLLOHOSP,0.0
ICICIGI,ABB,0.0
ICICIGI,EICHERMOT,0.0
ICICIGI,DRREDDY,0.0
ICICIGI,LT,0.0
ICICIGI,SIEMENS,0.0
ICICIGI,CIPLA,0.0
ICICIGI,RELIANCE,0.0
ICICIGI,SHREECEM,0.0
ICICIGI,TCS,0.0
ICICIGI,IOC,0.0
ICICIGI,AMBUJACEM,0.0
ICICIGI,HCLTECH,0.0
ICICIGI,LTIM,0.0
ICICIGI,HINDZINC,0.0
ICICIGI,NESTLEIND,0.0
ICICIGI,ZYDUSLIFE,0.0
ICICIGI,TATACONSUM,0.0
ICICIGI,NTPC,0.0
ICICIGI,TATASTEEL,0.0
TATASTEEL,BAJAJ-AUTO,0.0
TATASTEEL,APOLLOHOSP,0.0
TATASTEEL,TCS,0.0
TATASTEEL,HCLTECH,0.0
TATASTEEL,EICHERMOT,0.02631578947368421
TATASTEEL,DRREDDY,0.0
TATASTEEL,LTIM,0.0
TATASTEEL,HINDZINC,0.02631578947368421
TATASTEEL,NESTLEIND,0.0
TATASTEEL,ZYDUSLIFE,0.0
TATASTEEL,CIPLA,0.0
TATASTEEL,TATACONSUM,0.0
TATASTEEL,SHREECEM,0.05263157894736842
APOLLOHOSP,BAJAJ-AUTO,0.0
APOLLOHOSP,ABB,0.0
APOLLOHOSP,EICHERMOT,0.0
APOLLOHOSP,DRREDDY,0.0
APOLLOHOSP,LT,0.0
APOLLOHOSP,SIEMENS,0.0
APOLLOHOSP,CIPLA,0.0
APOLLOHOSP,RELIANCE,0.0
APOLLOHOSP,SHREECEM,0.0
APOLLOHOSP,TCS,0.0
APOLLOHOSP,IOC,0.0
APOLLOHOSP,AMBUJACEM,0.0
APOLLOHOSP,HCLTECH,0.0
APOLLOHOSP,LTIM,0.0
APOLLOHOSP,HINDZINC,0.0
APOLLOHOSP,NESTLEIND,0.0
APOLLOHOSP,ZYDUSLIFE,0.0
APOLLOHOSP,TATACONSUM,0.0
APOLLOHOSP,NTPC,0.0
DRREDDY,BAJAJ-AUTO,0.0
DRREDDY,ABB,0.0
DRREDDY,EICHERMOT,0.0
DRREDDY,LT,0.0
DRREDDY,SIEMENS,0.0
DRREDDY,CIPLA,0.0
DRREDDY,RELIANCE,0.0
DRREDDY,SHREECEM,0.0
DRREDDY,TCS,0.0
DRREDDY,IOC,0.0
DRREDDY,AMBUJACEM,0.0
DRREDDY,HCLTECH,0.0
DRREDDY,LTIM,0.0
DRREDDY,HINDZINC,0.0
DRREDDY,NESTLEIND,0.0
DRREDDY,ZYDUSLIFE,0.0
DRREDDY,TATACONSUM,0.0
DRREDDY,NTPC,0.0
CIPLA,BAJAJ-AUTO,0.0
CIPLA,ABB,0.0
CIPLA,EICHERMOT,0.0
CIPLA,LT,0.0
CIPLA,SIEMENS,0.0
CIPLA,RELIANCE,0.0
CIPLA,SHREECEM,0.0
CIPLA,TCS,0.0
CIPLA,IOC,0.0
CIPLA,AMBUJACEM,0.0
CIPLA,HCLTECH,0.0
CIPLA,LTIM,0.0
CIPLA,HINDZINC,0.0
CIPLA,NESTLEIND,0.0
CIPLA,ZYDUSLIFE,0.0
CIPLA,TATACONSUM,0.0
CIPLA,NTPC,0.0
RELIANCE,BAJAJ-AUTO,0.0
RELIANCE,TCS,0.0
RELIANCE,HCLTECH,0.0
RELIANCE,ABB,0.47058823529411764
RELIANCE,EICHERMOT,0.0
RELIANCE,LTIM,0.0
RELIANCE,HINDZINC,0.03125
RELIANCE,NESTLEIND,0.0
RELIANCE,ZYDUSLIFE,0.0
RELIANCE,TATACONSUM,0.0
RELIANCE,SHREECEM,0.030303030303030304
SHREECEM,BAJAJ-AUTO,0.0
SHREECEM,TCS,0.0
SHREECEM,IOC,0.0
SHREECEM,AMBUJACEM,0.046511627906976744
SHREECEM,HCLTECH,0.0
SHREECEM,ABB,0.0
SHREECEM,EICHERMOT,0.0
SHREECEM,LT,0.02564102564102564
SHREECEM,LTIM,0.0
SHREECEM,HINDZINC,0.0
SHREECEM,NESTLEIND,0.0
SHREECEM,ZYDUSLIFE,0.0
SHREECEM,SIEMENS,0.0
SHREECEM,TATACONSUM,0.0
SHREECEM,NTPC,0.027777777777777776
TCS,BAJAJ-AUTO,0.0
TCS,IOC,0.0
TCS,AMBUJACEM,0.0
TCS,ABB,0.0
TCS,EICHERMOT,0.0
TCS,LT,0.0
TCS,HINDZINC,0.0
TCS,NESTLEIND,0.0
TCS,ZYDUSLIFE,0.0
TCS,SIEMENS,0.0
TCS,TATACONSUM,0.0
TCS,NTPC,0.0
AMBUJACEM,BAJAJ-AUTO,0.0
AMBUJACEM,HCLTECH,0.0
AMBUJACEM,EICHERMOT,0.0
AMBUJACEM,LTIM,0.0
AMBUJACEM,HINDZINC,0.023255813953488372
AMBUJACEM,NESTLEIND,0.0
AMBUJACEM,ZYDUSLIFE,0.0
AMBUJACEM,TATACONSUM,0.0
LTIM,BAJAJ-AUTO,0.0
LTIM,IOC,0.0
LTIM,ABB,0.0
LTIM,EICHERMOT,0.0
LTIM,LT,0.0
LTIM,HINDZINC,0.0
LTIM,NESTLEIND,0.0
LTIM,ZYDUSLIFE,0.0
LTIM,SIEMENS,0.0
LTIM,TATACONSUM,0.0
LTIM,NTPC,0.0
HINDZINC,BAJAJ-AUTO,0.0
HINDZINC,IOC,0.034482758620689655
HINDZINC,HCLTECH,0.0
HINDZINC,ABB,0.0
HINDZINC,EICHERMOT,0.0
HINDZINC,LT,0.0
HINDZINC,NESTLEIND,0.0
HINDZINC,ZYDUSLIFE,0.0
HINDZINC,SIEMENS,0.03333333333333333
HINDZINC,TATACONSUM,0.0
HINDZINC,NTPC,0.02857142857142857
TATACONSUM,BAJAJ-AUTO,0.0
TATACONSUM,IOC,0.0
TATACONSUM,HCLTECH,0.0
TATACONSUM,ABB,0.0
TATACONSUM,EICHERMOT,0.0
TATACONSUM,LT,0.0
TATACONSUM,NESTLEIND,0.0
TATACONSUM,ZYDUSLIFE,0.0
TATACONSUM,SIEMENS,0.0
TATACONSUM,NTPC,0.0
BAJAJ-AUTO,IOC,0.0
BAJAJ-AUTO,HCLTECH,0.0
BAJAJ-AUTO,ABB,0.0
BAJAJ-AUTO,EICHERMOT,0.0
BAJAJ-AUTO,LT,0.0
BAJAJ-AUTO,NESTLEIND,0.0
BAJAJ-AUTO,ZYDUSLIFE,0.0
BAJAJ-AUTO,SIEMENS,0.0
BAJAJ-AUTO,NTPC,0.0
ABB,IOC,0.5161290322580645
ABB,HCLTECH,0.0
ABB,EICHERMOT,0.0
ABB,ZYDUSLIFE,0.0
ABB,NESTLEIND,0.0
ABB,NTPC,0.5142857142857142
EICHERMOT,IOC,0.0
EICHERMOT,HCLTECH,0.0
EICHERMOT,LT,0.0
EICHERMOT,NESTLEIND,0.0
EICHERMOT,ZYDUSLIFE,0.0
EICHERMOT,SIEMENS,0.0
EICHERMOT,NTPC,0.0
LT,NESTLEIND,0.0
LT,ZYDUSLIFE,0.0
LT,HCLTECH,0.0
SIEMENS,NESTLEIND,0.0
SIEMENS,ZYDUSLIFE,0.0
SIEMENS,HCLTECH,0.0
IOC,NESTLEIND,0.0
IOC,ZYDUSLIFE,0.0
IOC,HCLTECH,0.0
HCLTECH,NESTLEIND,0.0
HCLTECH,NTPC,0.0
HCLTECH,ZYDUSLIFE,0.0
NESTLEIND,ZYDUSLIFE,0.0
NESTLEIND,NTPC,0.0
ZYDUSLIFE,NTPC,0.0
